twitter_name,,,,,,,,,,,,,,,,,,,,,,,,,,,,,,,,,,,,,,,,,,,,,,,,,,,,,,,,,,,,,,,,,,,,,,,
SenKatieBritt,@SenTuberville,@SenEricSchmitt,@SenatorRicketts,@GovernorKayIvey,@SenatorBraun,@SenJoniErnst,@SRCC,@SenatorRomney,@SenatorRisch,@SenatorRounds,@SenKevinCramer,@lisamurkowski,@SenatorLankford,@SenLummis,@SenBillCassidy,@SenJohnHoeven,@SenHydeSmith,@SenJohnThune,@JohnBoozman,@SenToddYoung,@UABNews,@GOPHELP,@Robert_Aderholt,@spann,@RepMikeRogersAL,@AlfaFarmers,@TuskegeeUniv,@CoachJ_AU,@CoachHughFreeze,@BankingGOP,@AppropsGOP,@RepTerriSewell,@AGSteveMarshall,@SenTedBuddNC,@SenSasse,@SenMullin,@SenVancePress,@SenHawleyPress,@SenRandPaul,@SteveDaines,@JerryMoran,@SenMarcoRubio,@SenatorFischer,@SenTedCruz,@SenatorTimScott,@SenatorWicker,@SenDanSullivan,@SenCapito,@SenThomTillis,@LeaderMcConnell,@SenatorCollins,@SenJohnBarrasso,@SenTomCotton,@MikeCrapo,@SenRonJohnson,@SenMikeLee,@LindseyGrahamSC,,,,,,,,,,,,,,
SenTuberville,@NASA,@MarshaBlackburn,@ChuckGrassley,@HawleyMO,@1819News,@SenKatieBritt,@TTuberville,@SenJohnKennedy,@ALGOP,@RepMikeRogersAL,@RepStefanik,@GovernorKayIvey,@SenHawleyPress,@SenKevinCramer,@RepJerryCarl,@yhn,@SenTomCotton,@SenatorHagerty,@SenatorBraun,@SenRonJohnson,@RepMattGaetz,@CWforA,@RobertBluey,@BetsyDeVos,@IWV,@KevinRobertsTX,@WAAYTV,@DailySignal,@JessAnderson2,@Riley_Gaines_,@CityofAuburnAL,@Yaffee,@IWF,@marjoriesba,@SpeakerJohnson,@EPWGOP,@BrilynHollyhand,@HsvPolice,@codydsargent,@USARMYAMCOM,@SheldonFox6,@TheBigMoneyShow,@BriarwoodChrSch,@aamuedu,@AlabamaToday,@NCAC_HSV,@256TodayNews,@US_SpaceCom,@NationalFFA,@SenEricSchmitt,@SenTedBuddNC,@SenPeterWelch,@SenAlexPadilla,@SenMullin,@JDVance1,@rtiron,@RepChipRoy,@AsheSchow,@RuthlessPodcast,@ASCTEAlabama,@TeamCavuto,@USCG,@NASAWebb,@SpaceForceDoD,@Heritage_Action,@Breaking911,@TommyBattle,@NASAArtemis,@southeastsun,,
lisamurkowski,@SenatorCollins,@SenSchumer,@SenatorRisch,@MikeCrapo,@SenJohnHoeven,@SenWhitehouse,@Sen_JoeManchin,@JerryMoran,@SenatorEnzi,@SenatorBurr,@SenGillibrand,@SenBlumenthal,@JohnCornyn,@RoyBlunt,@ChuckGrassley,@SenJohnBarrasso,@SenBobCorker,@SenFeinstein,@JeffFlake,@SenThomTillis,@thecordovatimes,@USOAlaska,@LisaPhuAK,@mattbuxton,@tomhewittnews,@BristolBayToday,@AlyeskaPipeline,@AlaskaMiners,@UAlaskaPres,@SenPeterWelch,@SenVancePress,@SenMullin,@SenEricSchmitt,@SenKatieBritt,@Rep_Peltola,@NWSAnchorage,@RD_Alaska,@AlaskaBeacon,@OkkisSalmimies,@NorwayAmbUSA,@RogerMarshallMD,@SenatorBraun,@SenLummis,@MarshaBlackburn,@SenatorHagerty,@gillibrandny,@SenJackyRosen,@SenCortezMasto,@SenatorLujan,@SenKevinCramer,@SenHydeSmith,@SenHawleyPress,@SenTinaSmith,@SenJohnKennedy,@SenBillCassidy,@SenRandPaul,@SenDuckworth,@SenOssoff,@SenatorWarnock,@SenRickScott,@SenatorHick,@SenAlexPadilla,@SenatorSinema,@SenMarkKelly,@SenTuberville,@CapitolPolice,@MittRomney,@jordainc,@Reuters,,
SenDanSullivan,@SenatorRisch,@MikeCrapo,@SenThomTillis,@JerryMoran,@SenJohnHoeven,@SenatorLankford,@SenJohnBarrasso,@SenKevinCramer,@SenJoniErnst,@SenatorWicker,@SenatorFischer,@SenatorEnzi,@lisamurkowski,@JohnBoozman,@RoyBlunt,@SenCapito,@SenJohnThune,@SenatorRounds,@SenatorCollins,@SenJohnKennedy,@mgordonwsj,@SenTuberville,@jimsciutto,@NHarcharek,@RepLaLota,@FDNMborough,@AnthonyAdragna,@senategopfloor,@ben_dietd,@CBS_Herridge,@jsolomonReports,@JenGriffinFNC,@RichardRubinDC,@SecretaryPete,@SenLummis,@SenatorHagerty,@ABlinken,@jakejsullivan,@heinzawards,@SecAFOfficial,@USACEHQ,@geofkoss,@reporterjoe,@SenBillCassidy,@tnl_updates,@Megan_J_Webb,@k13xd,@KTVF11,@sharkasaurusX,@SquawkCNBC,@EnergyAtState,@rbalsaud,@cmatthews9,@npfandos,@bensiegel,@KFaulders,@Santucci,@annezinkmd,@SecPompeo,@aubreywieber,@PeterZampa,@SenatorSinema,@EllieCKaufman,@The_Loose_Juice,@MarthaMcSally,@SenatorLoeffler,@deantscott,@MarkMeadows,@kimguilfoyle,@VPPressSec45,
SenMarkKelly,@GabbyGiffords,,,,,,,,,,,,,,,,,,,,,,,,,,,,,,,,,,,,,,,,,,,,,,,,,,,,,,,,,,,,,,,,,,,,,,
SenatorSinema,@Sen_JoeManchin,@SenKevinCramer,@SenatorTester,@RepStefanik,@KateWGallego,@SenBlumenthal,@SenGaryPeters,@DougDucey,@SenJackyRosen,@SenMarkKelly,@maziehirono,@RepRubenGallego,@SenBrianSchatz,@SenatorCollins,@RepJerryNadler,@MarkMeadows,@SenJackReed,@RepJayapal,@RepDavid,@SenJoniErnst,@marcusdell,@SenKatieBritt,@SecRaimondo,@CullenTomsheck,@WWP_DC,@cityofchandler,@USFWSRefuges,@SenBillCassidy,@Tempegov,@uarizona,@PabSierra,@AmericanLegion,@ASU_Alumni,@ASU,@ilse__zuniga,@X,@instagram,@Meta,@ElectingWomen,@CongBoyle,@RepClayHiggins,@JamesComer,@RepJenniffer,@VP,@StevenOlikara,@OAGMaryland,@RepDwightEvans,@stevenmnuchin1,@RepRutherfordFL,@RepGonzalez,@RogerMarshallMD,@DrNealDunnFL2,@RepPaulMitchell,@SenTedBuddNC,@RepEspaillat,@RepJackBergman,@RepDrewFerguson,@RepDonBacon,@SenCortezMasto,@SenJohnKennedy,@RepCarbajal,@RepDavidKustoff,@RepBarragan,@RepRoKhanna,@RepLizCheney,@CongressmanRaja,@RepMattGaetz,,,,
JohnBoozman,@JerryMoran,@SenatorRisch,@MikeCrapo,@SenJohnBarrasso,@SenJohnHoeven,@SenatorWicker,@RoyBlunt,@SenatorFischer,@SenThomTillis,@SenKevinCramer,@lisamurkowski,@JohnCornyn,@SenJohnThune,@SenCapito,@SenatorBurr,@SenAlexander,@SenatorLankford,@SenShelby,@SenatorCollins,@senrobportman,@FarmJFoundation,@thedispatch,@brownfield,@Advance1870,@librarycongress,@DepSecXoch,@dodpaa,@ProjectMercy,@AppropsGOP,@FEMARegion6,@Heba22AFSOY,@AginArk,@alexahenning,@RLSmothers,@SenatorRicketts,@jheckmanWFED,@NatResources,@JakeSherman,@SenTedBuddNC,@SenMullin,@SenVancePress,@SenEricSchmitt,@SenKatieBritt,@TylerOlson1791,@MHObserverAR,@RenataSMGomes,@AlexHouseThomas,@C_Luke_Story,@JuliaShapero,@brad_dress,@alexanderbolton,@ShieldsTodd,@LifeNewsHQ,@naomitlim,@AG_Reports,@editoralbarado,@tess_m_vrbin,@HunterCField,@JenniferShutt,@ArianaLFigueroa,@NicholasBallasy,@BillRSmithNews,@cftcmersinger,@CFTCcgr,@JECRepublicans,@InhofePress,@SenMikeLee,@LindseyGrahamSC,@SenLummis,@McConnellPress,
SenTomCotton,@MarshaBlackburn,@SenTedCruz,@SenJohnKennedy,@ChuckGrassley,@SenatorTimScott,@SenRonJohnson,@SenKevinCramer,@SenMikeLee,@GovMikeHuckabee,@SenatorBraun,@MikeCrapo,@SenTuberville,@SenatorRomney,@SenatorRisch,@SenJoniErnst,@SenatorLankford,@SenShelby,@SenBillCassidy,@SenatorWicker,@lisamurkowski,@ACScowcroft,@rachaeldean,@RepAshleyHinson,@SenHydeSmith,@RepMMM,@JimInhofe,@SenToddYoung,@RogerMarshallMD,@SenLummis,@SenatorHagerty,@marklevinshow,@WhiteHouse45,@SecPompeo,@RazorbackFB,@CFArkansas,@MichaelCBender,@LeaderMcConnell,@LGRutledge,@CNNSOTU,@USOPM,@SenatorRounds,@SteveDaines,@SenDanSullivan,@TuckerCarlson,@AsaHutchinson,@thejeff89,@MargauxIsaksen,@ForeignPolicyI,@HudsonEvents,@LittleRockMBB,@UALR,@jamiegangel,@YahooNews,@CNNPolitics,@CNASdc,@DefenseIntel,@CIA,@EliLake,@GenFlynn,,,,,,,,,,,,
Senlaphonza,@SenSchumer,@RepJudyChu,@AlexPadilla4CA,@VP,@FLOTUS,@WhiteHouse,@POTUS,,,,,,,,,,,,,,,,,,,,,,,,,,,,,,,,,,,,,,,,,,,,,,,,,,,,,,,,,,,,,,,,
SenAlexPadilla,@GavinNewsom,@RepRaskin,@AliVelshi,@RepJasonCrow,@SenWhitehouse,@SenatorWarnock,@SenDuckworth,@JoaquinCastrotx,@SenatorHick,@gillibrandny,@SenMarkKelly,@SenOssoff,@maziehirono,@ossoff,@brianschatz,@tedlieu,@RepKarenBass,@SenSherrodBrown,@RobertGarcia,@JudiciaryDems,@Senlaphonza,@ActSecJulieSu,@RedCrossNCGC,@IBEW,@SenateAgDems,@meaghanmccabe,@Amgen,@vvaldiv,@SenatorSinema,@SuzGamboa,@ZelenskyyUa,@Milankordestani,@senrobportman,@CASOSVote,@JonathanPLinden,@RepNikema,@CalCommColleges,@csunorthridge,@calstate,@JohnCornyn,@CoriBush,@RepDonBeyer,@RoyBlunt,@Astro_Jose,@JDBalartMSNBC,@MikeLevin,@taaforg,@harrisonjaime,@jdbalart,@DoloresHuerta,@Luzpenatv,@CASAforall,@douglasrivlin,@ImproveTheDream,@RepBera,@ezraklein,@USImmHUB,@UndocuBlack,@RepThompson,@JuanSaaa,@PPActionCA,@TheDemCoalition,@TVietor08,@jonfavs,@danpfeiffer,@AirResources,@CARBespanol,@SIfill_,@JenniferJJacobs,,
SenatorBennet,@GovofCO,@RepJasonCrow,@clairecmc,@SenBlumenthal,@ChrisMurphyCT,@PattyMurray,@MarkWarner,@SenatorDurbin,@SenWhitehouse,@timkaine,@SenDuckworth,@SenatorTester,@maziehirono,@SenatorHick,@SenFeinstein,@SenSherrodBrown,@SenBobCasey,@ChrisCoons,@SenGaryPeters,@SenatorBaldwin,@SenPeterWelch,@amy_friedman01,@MayorofCOS,@COStateFire,@BLMColoradoFire,@NIFC_Fire,@NWSGJT,@NWSPueblo,@NWSBoulder,@CityofDenver,@RepPettersen,@HistoryColorado,@USFWS,@NatlParkService,@BLMNational,@988Lifeline,@CapitolPolice,@USDA,@SenatorRomney,@rolliwrites,@NWF,@ColoradoNewsCCM,@ElliottWenzler,@CoreyHutchins,@tswarens,@SenMarkKelly,@KOAColorado,@RepJoeNeguse,@nivassoc,@leslieherod,@NickTimiraos,@jadhavpc,@hudsonsboys,@cgrisales,@carneyval,@AdamRBond,@gbtking,@bs_giudicelli,@jamee_lock,@LaurenWeberHP,@seventhsteppray,@sarahnevon,@Dom_GarciaTV,@crampell,@Gadgetress,@chrisvanderveen,@DailySentinelGJ,@jasonblevins,,,
SenatorHick,@NASA,@RepJasonCrow,@GovofCO,@SenatorWarnock,@SenatorTester,@SenatorBennet,@SecDebHaaland,@SenMarkKelly,@SenGaryPeters,@maziehirono,@SenAlexPadilla,@gillibrandny,@brianschatz,@SenSherrodBrown,@SenJackyRosen,@SenTinaSmith,@SenatorHassan,@KyleClark,@ColoradoSun,@RepJoeNeguse,@anthonyrivrod,@SenFettermanPA,@alyssaaroberts,@AlexLasryWI,@denverrescue,@usfs_rmrs,@ChaffeeComBaker,@ProtectOurCare,@lpackard,@karinbrulliard,@frankthorp,@US_FDA,@SecMayorkas,@capitalweather,@Ariel_Peele,@AymanMSNBC,@AymanM,@Simone_Biles,@CSBizJournal,@KOAA,@GreatDunesNPS,@RockyNPS,@Montrose_County,@COcounties,@NamasteSolar,@KKTV11News,@StationCDRKelly,@theavettbros,@LightningeMtrs,@JoeNeguse,@tcski2014,@SamanthaAUSA,@MayorofCOS,@OlympicCityUSA,@USOPMuseum,@NATLCyberCenter,@SwitchbacksFC,@WSCarpenters,@HyoungChang,@ENERGYSpox,@ENERGY,@555Colorado,@tooningout,@McCluskieforCO,@SRuhle,@MSNBC_reports,@PassTheCOREAct,@GabbyGiffords,@COLocalAffairs,@JonMurray,
SenBlumenthal,@NASA,@ChrisMurphyCT,@SenWhitehouse,@SenatorDurbin,@SenFeinstein,@SenGillibrand,@timkaine,@maziehirono,@MarkWarner,@SenDuckworth,@clairecmc,@PattyMurray,@RepSwalwell,@SenateDems,@AriMelber,@thereidout,@DavidCornDC,@ChrisCoons,@RonWyden,@SenatorLeahy,@RepMaxwellFrost,@SenPeterWelch,@SenFettermanPA,@POTUS,@AuschwitzMuseum,@DFADCoalition,@SenAlexPadilla,@TruthinAd,@gillibrandny,@SenOssoff,@SenatorWarnock,@SenatorHick,@SenatorLujan,@SenMarkKelly,@EthansLaw2,@DrLeanaWen,@GovNedLamont,@RepJahanaHayes,@SenatorSinema,@SenJackyRosen,@zachdcarter,@IndivisibleTeam,@MoveOn,@NewHavenPatch,@MilfordCTPatch,@2RoadsBrewing,@SenJudiciaryGOP,@RepThompson,@nytopinion,@SRuhle,@KatyTurNBC,@TheBeatWithAri,@hartfordline,@AmtrakNECAlerts,@GreenwichPatch,@GreenwichTime,@mattingoglia,@SenAmyKlobuchar,@davidhogg111,@LindseyGrahamSC,@Turnout_Tuesday,@NicoleHockley,@AMarch4OurLives,@schoolwalkoutUS,@SenBooker,@maggieNYT,@BPTHOSP,@SharedHope,,,
ChrisMurphyCT,@AVindman,@SenBlumenthal,@NatashaBertrand,@WHCOS,@clairecmc,@timkaine,@brianschatz,@SenatorDurbin,@costareports,@capitolwatch,@chrispkeating,@CTMirrorPaz,@ctnewsjunkie,@CTMirrorKeith,@blockhart1,@Gary4CT,@CTDems,@ColinKahl,@jmart,@GovNedLamont,@SheppardState,@UConnMBB,@MorePerfectUS,@ctblogger,@ParkerMolloy,@matthewstoller,@AdamSerwer,@ChristineEmba,@amoshochstein,@charliebilello,@ryancassidycbb,@nancy_wickett,@RobAtkinsonITIF,@Tim_Shenk,@oren_cass,@wojespn,@JDVance1,@WUTangKids,@karaswisher,@tbonier,@David_J_Bier,@JakeSherman,@JohnRSamuelsen,@GavinNewsom,@tylercowen,@CNLiberalism,@SteveKerr,@kerrywashington,@politico,@RoKhanna,@RepRoKhanna,@SenJackyRosen,@davidshor,@laurnorman,@JuliusKrein,@SamAdlerBell,@annakhachiyan,@kaschuta,@RexChapman,@SenTedCruz,@JohnCornyn,@KirilPetkov,@KevinOConnorNBA,@Advance_CT,@NPR,@IAPonomarenko,@PhillipsPOBrien,@TheStudyofWar,@konrad_muzyka,,
SenatorCarper,@NASA,@ChrisCoons,@SenatorCardin,@ChrisVanHollen,@SenBlumenthal,@PattyMurray,@SenWhitehouse,@SenJackReed,@SenatorDurbin,@SenGaryPeters,@SenBobCasey,@maziehirono,@SenatorTester,@MikeCrapo,@SenatorCantwell,@SenatorBaldwin,@SenatorShaheen,@SenJeffMerkley,@SenatorMenendez,@SenAngusKing,@Delaware_FB,@BrianPCunningha,@Senlaphonza,@AlexTerr01,@SenPeterWelch,@ZelenskyyUa,@GreaterMiltonDE,@GovPierluisi,@CapitolPolice,@philagear,@FTA_DOT,@BhattmobileT,@strick_jake,@SenFettermanPA,@katiegrasso,@AH_Woody,@ThirdWayKessler,@SecVetAffairs,@IRSnews,@Zmxradio,@ts_smith_opm,@SenAmyKlobuchar,@JeffJacksonNC,@oliviaacdaviss,@AmbassadorTai,@FAANews,@TheHillEvents,@MarcusWRobinson,@actonclimateUS,@nicholaswu12,@SECNAV75,@GuatemalaGob,@MollyMcvety,@USEmbassyMEX,@m_ebrard,@KenSalazar,@USAmbMex,@lopezobrador_,@RepJerryCarl,@RepAdrianSmith,@NBDabrowski,@jeremydillonDC,@jrpsaki,@RepDwightEvans,@IanSams46,@Eagles,@smittyPA,@LtGovernorDE,@nick_sobczyk,@radhikafox,
ChrisCoons,@SenBlumenthal,@AliVelshi,@SenWhitehouse,@SenatorCarper,@ChrisMurphyCT,@SenatorDurbin,@maziehirono,@MarkWarner,@PattyMurray,@clairecmc,@SenatorLeahy,@SenateDems,,,,,,,,,,,,,,,,,,,,,,,,,,,,,,,,,,,,,,,,,,,,,,,,,,,,,,,,,,,
marcorubio,@SpeakerMcCarthy,@marklevinshow,@tedcruz,@RonDeSantis,@GovRonDeSantis,@RandPaul,@SenTedCruz,@Jim_Jordan,@RealBenCarson,@Mike_Pence,@seanhannity,@HouseGOP,,,,,,,,,,,,,,,,,,,,,,,,,,,,,,,,,,,,,,,,,,,,,,,,,,,,,,,,,,,
SenRickScott,@RonDeSantis,@SpeakerMcCarthy,@ScottforFlorida,@SenTedCruz,@MarshaBlackburn,@marcorubio,@ChuckGrassley,@SenJohnKennedy,@SenatorTimScott,@SenKevinCramer,@mattgaetz,@SenTomCotton,@SenMarcoRubio,@SenMikeLee,@SenateGOP,@SenatorRomney,@SenEricSchmitt,@ElbazStarinsky,@SpeakerJohnson,@SenatorRicketts,@SheriffLeeFL,@BCDInstitute,@jdanielferrer,@AIPAC,@USArmy,@HSGAC_GOP,@freedomcaucus,@RogerMarshallMD,@HouseGOP,@SenTuberville,@SenatorBraun,@GLFOP,@SASCGOP,@BillMelugin_,@SenVancePress,@SarasotaSheriff,@SenKatieBritt,@SenMullin,@PolkCoSheriff,@SenTedBuddNC,@BasedMikeLee,@SquawkCNBC,@NHC_Surge,@SFLRedCross,@NWSDirector,@blckriflecoffee,@josephzeballos,@TomTugendhat,@PhilipWegmann,,,,,,,,,,,,,,,,,,,,,,
ossoff,@NASA,@ReverendWarnock,@PeteButtigieg,@POTUS,@staceyabrams,@RepAdamSchiff,@JoeBiden,@RepRaskin,@SenSchumer,@Yamiche,@jrpsaki,@VP,,,,,,,,,,,,,,,,,,,,,,,,,,,,,,,,,,,,,,,,,,,,,,,,,,,,,,,,,,,
ReverendWarnock,@ossoff,@PeteButtigieg,@staceyabrams,@JoyAnnReid,@VP,@K_JeanPierre,@DrBiden,@BetoORourke,@amyklobuchar,@ReallyAmerican1,@kylegriffin1,@mmpadellan,,,,,,,,,,,,,,,,,,,,,,,,,,,,,,,,,,,,,,,,,,,,,,,,,,,,,,,,,,,
maziehirono,@NASA,@SenBlumenthal,@ChrisMurphyCT,@SenWhitehouse,@SenDuckworth,@Yamiche,@SenGillibrand,@SenatorDurbin,@RepMaxineWaters,@amyklobuchar,@timkaine,@SenFeinstein,,,,,,,,,,,,,,,,,,,,,,,,,,,,,,,,,,,,,,,,,,,,,,,,,,,,,,,,,,,
brianschatz,@ChrisMurphyCT,@Yamiche,@kylegriffin1,@NatashaBertrand,@AdamSchiff,@brhodes,@marceelias,@jonfavs,@WHCOS,@ossoff,@SenWhitehouse,@clairecmc,@roneetie,@cleantechsonia,@ryandbusse,@themaxburns,@2RawTooReal,@Kulesh0vEffect,@theJCPA,@TeamsterSOB,@lourdesgnavarro,@sarahmccammon,@NPRKelly,@nprscottsimon,@asmamk,@samsanders,@andreeball,@titonka,@rachelnpr,@HousefromDC,@UsherNBA,@OlgaNYC1211,@cairo_claire1,@ShawnReynolds_,@RepJeffries,@GBBranstetter,@BokerIris,@freyisrael1,@baruchikra,@mmagadli,@Nadav_Eyal,@orlybarlev,@Navot_Yair,@talschneider,@LittleMoiz,@GONENB1,@KseniaSvetlova,,,,,,,,,,,,,,,,,,,,,,,,
MikeCrapo,@SenatorRisch,@SenatorEnzi,@SenJohnHoeven,@SenJohnBarrasso,@JerryMoran,@SenatorWicker,@SenatorFischer,@JohnBoozman,@SenThomTillis,@RoyBlunt,@SenPatRoberts,@lisamurkowski,,,,,,,,,,,,,,,,,,,,,,,,,,,,,,,,,,,,,,,,,,,,,,,,,,,,,,,,,,,
SenatorRisch,@MikeCrapo,@SenatorEnzi,@SenJohnHoeven,@SenJohnBarrasso,@JerryMoran,@SenatorWicker,@SenatorFischer,@JohnBoozman,@SenThomTillis,@SenPatRoberts,@lisamurkowski,@RoyBlunt,,,,,,,,,,,,,,,,,,,,,,,,,,,,,,,,,,,,,,,,,,,,,,,,,,,,,,,,,,,
SenDuckworth,@NASA,@RepAdamSchiff,@SenatorDurbin,@JoyAnnReid,@ChrisMurphyCT,@Yamiche,@RepJeffries,@SenGillibrand,@SenBlumenthal,@RepMaxineWaters,@RepKatiePorter,@gillibrandny,,,,,,,,,,,,,,,,,,,,,,,,,,,,,,,,,,,,,,,,,,,,,,,,,,,,,,,,,,,
SenatorDurbin,@NASA,@SenSchumer,@SenBlumenthal,@RepAdamSchiff,@SenDuckworth,@ChrisMurphyCT,@SenWhitehouse,@SenFeinstein,@timkaine,@RepJeffries,@PattyMurray,@maziehirono,,,,,,,,,,,,,,,,,,,,,,,,,,,,,,,,,,,,,,,,,,,,,,,,,,,,,,,,,,,
SenatorBraun,@SenToddYoung,@SenKevinCramer,@SenJohnKennedy,@MarshaBlackburn,@SenatorLankford,@SenJoniErnst,@SenThomTillis,@SenHawleyPress,@SenMikeLee,@JohnCornyn,@MikeCrapo,@SenJohnBarrasso,@@SenJohnBarrasso,@@@SenJohnBarrasso,@SenatorRicketts,@SenEricSchmitt,@BillMelugin_,@TuckerCarlson,@thekimkavin,@RepAndyBarr,@elonmusk,@SenateAgingGOP,@SenKatieBritt,@HannahBrandt_TV,@TOS_Elliott,@AmericanFreedom,@SenRandPaul,@TheBigMoneyShow,@SFLAction,@jasonrantz,@seanspicer,@nwi_DanCarden,@lerdody,@EnesFreedom,@TheStarPress,@marisa_schultz,@JoeDonlonTV,@MacFarlaneNews,@CBSNLive,@Heritage_Action,@aishahhasnie,@AttyAbdul,@sbaprolife,@Veteransindiana,@March_for_Life,@TomDaviesIND,@MorningsMaria,,,,,,,,,,,,,,,,,,,,,,,,
SenToddYoung,@NASA,@SenatorBraun,@SenKevinCramer,@RepLarryBucshon,@SenatorRisch,@MikeCrapo,@SenJohnBarrasso,@SenThomTillis,@SenatorLankford,@JerryMoran,@SenJohnHoeven,@SenCapito,,,,,,,,,,,,,,,,,,,,,,,,,,,,,,,,,,,,,,,,,,,,,,,,,,,,,,,,,,,
SenJoniErnst,@ChuckGrassley,@MarshaBlackburn,@SenJohnKennedy,@SenTomCotton,@JohnCornyn,@SenRonJohnson,@SenKevinCramer,@SenThomTillis,@SenHawleyPress,@SenMikeLee,@SenatorRisch,@SenatorLankford,@kayleighmcenany,@SenBillCassidy,@SenatorRicketts,@SenKatieBritt,@USBPChief,@ZachNunn,@FloridaGOP,@SenateRPC,@JenGriffinFNC,@IADeptAg,@RepFeenstra,@RogerMarshallMD,@RepAshleyHinson,@RepMMM,@JimInhofe,@douglaswburns,@SmallBizCmteGOP,@SenatorLoeffler,@SpeakerMcCarthy,@LindseyGrahamSC,@MarthaMcSally,@SenToddYoung,@SenRickScott,@HawleyMO,@SRCC,@MarthaRobyAL,@SenatorRomney,@SenHydeSmith,@jonathanvswan,@IowaFLL,@RandyFeenstra,@IowaGOPer,,,,,,,,,,,,,,,,,,,,,,,,,,,
ChuckGrassley,@SenRonJohnson,@HouseGOP,@newtgingrich,@SenateGOP,@SenMikeLee,@GOPChairwoman,@GovMikeHuckabee,@RandPaul,@TheatreCR,@ISUExtension,@CRmuseumofART,@naomicorr,,,,,,,,,,,,,,,,,,,,,,,,,,,,,,,,,,,,,,,,,,,,,,,,,,,,,,,,,,,
RogerMarshallMD,@TimRunsHisMouth,@greg_price11,@RepJamesComer,@HawleyMO,@SenJohnKennedy,@RepGregSteube,@GlennYoungkin,@RepJimBanks,@SenatorBraun,@SenKevinCramer,@SenHawleyPress,@mschlapp,,,,,,,,,,,,,,,,,,,,,,,,,,,,,,,,,,,,,,,,,,,,,,,,,,,,,,,,,,,
JerryMoran,@NASA,@SenatorRisch,@MikeCrapo,@SenPatRoberts,@SenJohnHoeven,@JohnBoozman,@SenatorWicker,@SenJohnBarrasso,@SenatorFischer,@SenatorEnzi,@RoyBlunt,@SenThomTillis,,,,,,,,,,,,,,,,,,,,,,,,,,,,,,,,,,,,,,,,,,,,,,,,,,,,,,,,,,,
LeaderMcConnell,@Mike_Pence,@SenTedCruz,@RandPaul,@ChuckGrassley,@marcorubio,@VP45,@SenJohnKennedy,@SenateGOP,@SenatorTimScott,@SenTomCotton,@MarshaBlackburn,@SRCC,,,,,,,,,,,,,,,,,,,,,,,,,,,,,,,,,,,,,,,,,,,,,,,,,,,,,,,,,,,
SenRandPaul,@NASA,@RandPaul,@SenEricSchmitt,@SenJohnKennedy,@SenRonJohnson,@MonicaCrowley,@kimguilfoyle,@LisaMarieBoothe,@SenatorBraun,@dbongino,@FaulknerFocus,@SRCC,,,,,,,,,,,,,,,,,,,,,,,,,,,,,,,,,,,,,,,,,,,,,,,,,,,,,,,,,,,
BillCassidy,@JeffLandry,@SenCapito,@RepGarretGraves,@SenatorTimScott,@RoyBlunt,@RepGusBilirakis,@SenatorBurr,@RepLarryBucshon,@SenAlexander,@SenBillCassidy,@SenatorLankford,@SpeakerMcCarthy,@johnthune,@TeamTimScott,@BretBaier,@BrianKempGA,@johnrobertsFox,@WesleyHuntTX,@mschlapp,@ShannonBream,@guypbenson,@TomCottonAR,@votetimscott,@mollyerinb,@ShannonHeckt,@barrassoforwyo,@MikeLeeforUtah,@EddieRispone,@mgodard,@CHNOLA,,,,,,,,,,,,,,,,,,,,,,,,,,,,,,,,,,,,,,,,,
SenJohnKennedy,@SpeakerMcCarthy,@HawleyMO,@SenTedCruz,@MarshaBlackburn,@RandPaul,@ChuckGrassley,@MariaBartiromo,@greggutfeld,@JudicialWatch,@SenTomCotton,@SenRonJohnson,@SenHawleyPress,@Gutfeldfox,@kimguilfoyle,@SenKevinCramer,@kilmeade,@SenatorBraun,@MikeCrapo,@SenatorRomney,@SenBillCassidy,@SenVancePress,@DebbieSkrmetta,@HelenaMorenoLA,@brithume,@ylanmui,@SRCC,@SenateForeign,@POLITICOPro,@SHO_TheCircus,@CollegeGameDay,@mcuban,@ONDCP45,@RodneyDavis,@JohnRatcliffe,@RepMarkGreen,@weatherchannel,@CWatkinsNews,@dbongino,@DebbieLesko,@RepGolden,@StephGrisham45,@MKhan47,@RogerMarshallMD,@FORSCOM,@emily_woodruff_,@NASA_SLS,@LABudgetProject,@CQnow,@CNNPolitics,@nprpolitics,@USTreasury,@DanScavino,@MarthaMcSally,@CBSEveningNews,@NorahODonnell,@jdickerson,@kasie,@RepAdamSchiff,@RepMaxineWaters,@JoeBiden,@NPRinskeep,@LouisianaCNavy,@saksappeal,@BoeingSpace,@henryrodgersdc,@NOPDNews,@AmericaNewsroom,@BillHemmer,,,
SenatorCollins,@ChuckGrassley,@lisamurkowski,@SenSchumer,@LeaderMcConnell,@SenBlumenthal,@MikeCrapo,@SenJohnHoeven,@SenGillibrand,@SenMikeLee,@SenatorRisch,@SenBobCorker,@SenFeinstein,,,,,,,,,,,,,,,,,,,,,,,,,,,,,,,,,,,,,,,,,,,,,,,,,,,,,,,,,,,
SenAngusKing,@NASA,@SenBlumenthal,@SenWhitehouse,@PattyMurray,@MarkWarner,@SenatorDurbin,@SenatorCollins,@timkaine,@maziehirono,@ChrisMurphyCT,@ChrisCoons,@SenDuckworth,@jon_wertheim,@SenMarkKelly,@ASP,@JRosenworcel,@TheStalwart,@ChrisVanHollen,@GovJanetMills,@CyberSolarium,@HowellONeill,@SteveCollinsSJ,@RepGallagher,@RepGolden,@ClayGordonNews,@payneco,@VP,@SenJohnKennedy,@BiathleteEgan,@brianschatz,@JackFaherty207,,,,,,,,,,,,,,,,,,,,,,,,,,,,,,,,,,,,,,,,
SenatorCardin,@NASA,@ChrisVanHollen,@SenBlumenthal,@SenatorDurbin,@PattyMurray,@SenatorCarper,@ChrisCoons,@MarkWarner,@SenWhitehouse,@SenJackReed,@SenBobCasey,@SenGaryPeters,@SenatorMenendez,@SenatorCantwell,@maziehirono,@ChrisMurphyCT,@SenatorShaheen,@SenJeffMerkley,@SenFeinstein,@SenatorRisch,@TBlackNews,@NLintheUSA,@OMarkarova,@LaphonzaB,@Senlaphonza,@HeraldMailNews,@SecYellen,@_RoderickLewis,@@_RoderickLewis,@RepCasar,@US_FDA,@WintrodeBrenda,@CapitolPolice,@MDDisabilities,@thearcofpgc,@RepJasmine,@USWNT,@dawn_gile,@ElectEdelson,@WashMystics,@BirdlandInsider,@DC_PSC,@DawnFlytheMoore,@LtGovMiller,@RuthAnnNorton,@BobbyBraun,@MsRebeccaBaker,@GoncharenkoUa,@pgccnews,@TerpsBaseball,@BioHubMaryland,@LisaLoeb,@TheMoCoSnow,@HouseJudiciary,@HoCo_Library,@pedbikeinfo,@EqualityCaucus,@CBCDemClub,@Univ_System_MD,@LisaMirandoCNN,@Bruce45Sports,@karentravers,@BaltCoDemParty,@RepJoeMorelle,@MdCoastalBays,@kimdaceywbal,@TheArcCCR,@PGCSprout,@KevinBohn,@TomRodgersNews,@CaitlynnPeetz14
ChrisVanHollen,@NASA,@SenatorCardin,@SenBlumenthal,@SenWhitehouse,@MarkWarner,@timkaine,@SenDuckworth,@SenatorDurbin,@PattyMurray,@ChrisMurphyCT,@maziehirono,@SenGaryPeters,@SenatorTester,@RepJamesClyburn,@ChrisCoons,@JoaquinCastrotx,@SenFeinstein,@SenJackReed,@SenatorCarper,@SenBobCasey,@crmiller1,@DrWilliams_MC,@OMarkarova,@commercedems,@RepPressley,@SenTimKaine,@January6thCmte,@anneapplebaum,@MitchLandrieu46,@SecRaimondo,@LewisMuseum,@PrinceGeorgesMD,@SecBecerra,@SecMayorkas,@BaltimorePolice,@JortsTheCat,@davidshepardson,@cpsaDC,@RepKweisiMfume,@SecFudge,@TODAYshow,@Orioles,@SecDebHaaland,@wef,@SecCardona,@SBAgov,@umdhealthequity,@ODNIgov,@USDOT,@SecretaryPete,@USAmbUN,@SecBlinken,@hboushey46,@PostGraphics,@nytgraphics,@PWDforMaryland,@TimAlberta,@Reuters,@usnews,@AdvanceMaryland,@NFLTE82,@SenBillFerg,@DenisMcDonough,@SenAlexPadilla,@AmericasVoice,@econjared46,@EJusticeCaucus,@SenateBudget,@ossoff,@SenOssoff,
SenMarkey,@NASA,@maura_healey,@CoriBush,@JamaalBowmanNY,@ChrisMurphyCT,@AyannaPressley,@Ilhan,@RepMcGovern,@SenWhitehouse,@SenBlumenthal,@PattyMurray,@SenDuckworth,@MarkWarner,@maziehirono,@SenatorDurbin,@RepRashida,@RepPressley,@JoaquinCastrotx,@SenSherrodBrown,@brianschatz,@sagaftra,@kmorfs,@MassAudubon,@RepMaxwellFrost,@MaxwellFrostFL,@_isabelledotcom,@KanielaIng,@MarkHamill,@FousheeforNC,@sumershaikh245,@moderationlovin,@BrocktonBAT,@RepSummerLee,@StopBigOil,@JBKSchlossberg,@Gr8BosFoodBank,@IrelandLesley5,@taylorswift13,@chasestrangio,@chellamanart,@DallasDucar,@Marina_Chafa,@DrAvenelJoseph,@GreentownLabs,@PrernaJagadeesh,@challiance,@jdsuth,@davidhogg111,@MarkKassen,@ASP,@Grant2Will,@rewiringamerica,@MulcaheySchool,@HosmerSchool,@coach_leader,@RepChynahTyler,@cscoudriet,@Ed_Miliband,@StudentsDemand,@KrishVignarajah,@HS_QuizShow,@projectbread,@cabell_eames,@jguzmanlaw,@karaswisher,@Leahtommi,@CityBrockton,@unitehere,@unitehere23,@UHLocal25,
SenWarren,@VP,@ewarren,@SenSanders,@KamalaHarris,@FLOTUS,@SpeakerPelosi,@RepAdamSchiff,@SenSchumer,@JoeBiden,@DrBiden,@SecondGentleman,@SenateDems,@RepMaxineWaters,@RepKatiePorter,@CoryBooker,@RepJoeMorelle,@SenJackyRosen,@RepTedLieu,@RepBonnie,@WhipKClark,@MayorWu,@SenTimKaine,@MassAGO,@MassGovernor,@SenFettermanPA,@EricCortellessa,@SarabiaTX,@RepCori,@DFADCoalition,@WooSox,@MayorKimJaney,@LizBreadon,@KenzieBok,@RicardoNArroyo,@AJCampbellMA,@EdforBoston,@LydiaMEdwards,@wutrain,@juliaforboston,@mfflaherty,@AnnissaForBos,@MattOMalley,@Kim_Janey,@SenAlexPadilla,@DouglasEmhoff,@POTUS,@SenatorHick,@SenMarkKelly,@SecYellen,@TheBlackCaucus,@RepGwenMoore,@RepRonKind,@RepMarkPocan,@LtGovDennyHeck,@RepAdamSmith,@RepKimSchrier,@RepJayapal,@RepDerekKilmer,@RepRickLarsen,@RepDelBene,@GerryConnolly,@RepWexton,@RepDonBeyer,@RepSpanberger,@BobbyScott,,,,,,
SenGaryPeters,@NASA,@SenStabenow,@RepSlotkin,@stabenow,@PattyMurray,@SenatorTester,@SenBlumenthal,@SenWhitehouse,@GaryPeters,@ChrisVanHollen,@SenatorDurbin,@dananessel,@GovWhitmer,@maziehirono,@SenJackReed,@ChrisCoons,@SenatorBaldwin,@SenBobCasey,@SenatorCantwell,@SenatorHassan,@brettklmn5,@AlmaScots,@RepJasonCrow,@gervallaschwarz,@JudiciaryDems,@Senlaphonza,@GanderNewsroom,@claudiatenney,@JAdomian,@usembarmenia,@USAmbYerevan,@ANCA_DC,@SenFettermanPA,@drfeifei,@RepMacDonell,@UpperPeninsula,@DougJones,@DanMcKernan,@ckkhughes,@WinnieBrinks,@sarshapiro,@maggieNYT,@ryanjreilly,@joeflood,@USAmbUN,@CityOfSaginawMi,@umichhockey,@OfficialJLD,@geo3550,@SantaJOno,@DanJenDig,@marcus4polytics,@MSUGovRelations,@StudentsDemand,@RepNikkiB,@SpeakerJoeTate,@Hertelforsenate,@RepShriThanedar,@MalloryMcMorrow,@AHammoudMI,@ron_fournier,@MottCollege,@Dearborngov,@FerrisFootball,@NOAA,@funder,@EasternMichU,@SFRCdems,@SenatorWarnock,@WHCOS,
SenStabenow,@NASA,@SenGaryPeters,@stabenow,@PattyMurray,@SenBlumenthal,@SenWhitehouse,@migovernment,@freep,@dananessel,@SenatorTester,@SenatorDurbin,@GovWhitmer,@SenatorBaldwin,@ChrisVanHollen,@maziehirono,@SenSherrodBrown,@ChrisCoons,@SenatorCantwell,@JocelynBenson,@SenBillNelson,@TarynAsherFox2,@rbeggin,@ForestandPaper,@HenryFordHealth,@NAMICommunicate,@TheAmandaGorman,@Woodward_Dave,@singhsam94,@ShinkSue,@SenatorSantana,@SenPolehanki,@JeremyAllenMoss,@MalloryMcMorrow,@McdonaldRivet,@SeanAMcCann,@Kevin_Hertel,@Hertelforsenate,@MaryforMichigan,@WinnieBrinks,@SarahAnthony517,@StateRepSteph,@RepNateShannon,@RepRheingans,@VeroStateRep11,@RepMacDonell,@RepLiberati,@koleszar_matt,@jmhill926,@jim_haadsma,@JohnforMI,@AlabasFarhat,@Rep_Andrews,@Jaime_Churches,@SpeakerJoeTate,@PaulWojno,@vklinefelt11,@SenErikaGeiss,@rosemarybayer,@SenPeterWelch,@SenFettermanPA,@RepShriThanedar,@RepScholten,@MonaHannaA,@SecGranholm,@repdavidscott,@SecBecerra,@RickAlbinWoodTV,@SecFudge,@SecYellen,@UAW,
SenAmyKlobuchar,@NASA,@RepRaskin,@gillibrandny,@amyklobuchar,@ChrisMurphyCT,@SenBlumenthal,@SenWhitehouse,@SenBooker,@allinwithchris,@AriMelber,@SenTinaSmith,@clairecmc,@SenDuckworth,@SenatorDurbin,@maziehirono,@PattyMurray,@davidfrum,@DavidCornDC,@RepJerryNadler,@ChrisCoons,@MinnesotaTurkey,@GWLichtenstein,@johnmendezmog,@NYUMcSilver,@RepGaramendi,@ReynoldNesiba,@grant_hauschild,@sheryl4sd,@BetsyCoffia,@heather_edelson,@brioncurran,@RepKeeler,@DanielNKessler,@LisaforGeorgia,@RepSusieLee,@DamianCollins,@BBCSteveR,@Denise_A_Craig,@HuffmanForNC,@John_Burkel,@BenLaBolt46,@dberrygannett,@HeatherGrafTV,@shuwaskiyoung,@JonesHospodTX,@RoseSchmidtTV,@Cindy_Banyai_FL,@AprilDRyan,@TimSherno,@MitchLandrieu46,@RepJackLewis,@joellahoye,@vsawkar,@IndivisibleTeam,@virginiawillis,@jonathanhCNN,@MorilloIsolda,@AllieRaffa,@Fabien_Levy,@SuzanneMalveaux,@cenksidar,@RaquelMartinTV,@evaoutloud,@JeremyGorner,@oliverbutler,@AmHeartAdvocacy,@RepWolgamott,@sydney_zatz,@SteffThomasNews,@EricMGarcia,
SenTinaSmith,@SenAmyKlobuchar,@RepJasonCrow,@amyklobuchar,@SenWhitehouse,@SenBlumenthal,@SenDuckworth,@SenatorTester,@GovTimWalz,@maziehirono,@MPRnews,@gillibrandny,@SenSherrodBrown,@RepJerryNadler,@brianschatz,@ChrisCoons,@SenKevinCramer,@SenBobCasey,@RepJayapal,@RepDeanPhillips,@SenatorBaldwin,@MakenzieHuber,@NSheidlower,@AdamMGrant,@Ben_Beachy,@Rebekah_Sager,@RJonesNews,@johnknefel,@dfriedman33,@enchilanas,@NoahBookbinder,@jacktwheatley,@eliehonig,@AriDrennen,@mmfa,@thepngfile,@pwcdanica,@THETonyMorrison,@JoYurcaba,@doliver8,@NBCOUT,@pride_site,@them,@outmagazine,@MichaelBaggs,@paddykell,@itssophieperry,@MaggieBaska,@harriepw,@ChanBillson,@TheAdvocateMag,@Queerty,@PinkNews,@@PinkNews,@menomatters,@MenopauseOrg,@LTMenopause,@AlyssaMastro44,@morninggloria,@JOD46,@Marc_Perrone,@SusanRinkunas,@Jezebel,@BrooksRakim,@sjemorse,@Nadia_Mohameds,@erinlschumaker,@VanityFair,@carlquintanilla,@paulhuttnerwx,@HeartlandFwd,@JAMA_current
SenHydeSmith,@NASA,@SenKevinCramer,@SenatorWicker,@SenatorLankford,@SenJoniErnst,@SenatorBraun,@SenTuberville,@SenatorRisch,@SenJohnKennedy,@SenThomTillis,@JohnCornyn,@SenJohnHoeven,@MikeCrapo,@SenBillCassidy,@SenatorFischer,@SenCapito,@JerryMoran,@SenatorTimScott,@SenJohnBarrasso,@SenDanSullivan,@SenatorRicketts,@PeteRicketts,@RedCrossMiss,@DotyDotySally,@SenTedBuddNC,@March_for_Life,@RepEzell,@JDVance1,@TedBuddNC,@SenKatieBritt,@SenEricSchmitt,@SenMullin,@AccelerateMS,@MS_aquarium,@MSHwyPatrol,@desoto_news,@NAMIMississippi,@scenicriversMS,@gtr_link,@BradleyRayWhite,@TAPSorg,@MSWildlifeFed,@USAFReserve,@UsmmaO,@AF_Academy,@MSDeptofAg,@GoJSUTigersWBB,@NKF_Advocacy,@RogerMarshallMD,@BordeauxFrank,@SenatorHagerty,@CapitolPolice,@POTUS,@VP,@SenLummis,@JHSPH_CHS,@SenateCommerce,@CorinthAlliance,@TCBPubHealth,@mississippiSBDC,@EPASoutheast,@SpaceForceDoD,@MSForestryComm,@Indigoag,@EricTrump,@SenatorLoeffler,@SecondLady45,@DailySignal,@CoahomaCC,,
SenatorWicker,@SenatorRisch,@MikeCrapo,@JerryMoran,@SenJohnBarrasso,@SenatorFischer,@SenJohnHoeven,@SenatorEnzi,@JohnBoozman,@SenKevinCramer,@SenThomTillis,@RoyBlunt,@SenJohnThune,@SenThadCochran,@SenPatRoberts,@SenCapito,@SenatorLankford,@lisamurkowski,@SenJoniErnst,@SenatorCollins,@SenAlexander,@YKevinKim,@SpeakerJohnson,@BarakRavid,@FoxBusiness,@TeamCavuto,@AJCongress,@MikeEmanuelFox,@Olivia_Beavers,@KMTOutdoors,@frankthorp,@cdrsalamander,@RussLatino,@ASACivilWorks,@ekaramurza,@RepJimBanks,@EricTrager18,@marcthiessen,@ashleyrgold,@nancyayoussef,@foxnewsradio,@TheLeadCNN,@BillHemmer,@bergerrichard,@EricShawnTV,@RobbieGramer,@AlexRouhandeh,@RepEzell,@navalny,@SenJackReed,@IRFSummit,@SenVancePress,@SenEricSchmitt,@SenMullin,@SenKatieBritt,@SenTedBuddNC,@lizbrownkaiser,@USAfricaCommand,@Starkville_FD,@MHPTroopM,@pascagoulapd,@RepCloakroom,@alan_lange,@Starkville_PD,@Lane_Kiffin,@SteveScalise,@INDOPACOM,@grgibert,@NatPoliceAssoc,@Mike_Pence,@ShaunKraisman,
HawleyMO,@bennyjohnson,@marklevinshow,@KariLake,@tedcruz,@RepMattGaetz,@JesseBWatters,@JudicialWatch,@DonaldJTrumpJr,@SenTomCotton,@MOFarmBureau,@jeffreykearl,@JohnDWiemann,@DavidWillisMO,@thisweekinmopol,@Rep_TRichardson,@abciv,@Kathyswan147,@HurstBlake,@MikeCierpiot,@JoeDonMcGaugh,@keith_marquis,@RobertKennedyJr,@WBLittlejohn,@abigailmarone,@Riley_Gaines_,@PeterAttiaMD,@willcain,@VictorSwift,@hubermanlab,@BioLayne,@michaeljknowles,@JonnyRoot_,@William_E_Wolfe,@GrahamAllen_1,@DelanoSquires,@GShaneMorris,@greg_price11,@mirandadevine,@MattWalshBlog,@ErikReed,@JamesArkin,@elevation_wrshp,@mitchholthus,@Chiefs,@RandyRRQuaid,@SethDillon,@danorlovsky7,@alexbruesewitz,@walterkirn,@PastorMark,@johnlovell275,@clydeprestowitz,@BuckSexton,@shellenberger,@JoshDaws,@realchrisrufo,@austinjdahmer,@marcorubio,@DrJBhattacharya,@libsoftiktok,@seanmdav,@bariweiss,@Mmontsealvarado,@JoelWBerry,@BillMelugin_,@yhazony,@pnjaban,@amconmag,@JonathanLSilver,,
SenEricSchmitt,@RepMarkAlford,@SenatorRicketts,@RepEricBurlison,@GovParsonMO,@SenKatieBritt,@LtGovMikeKehoe,@SenatorRomney,@SenatorBraun,@SenTuberville,@SenatorLankford,@SenBillCassidy,@SenLummis,@lisamurkowski,@SenHydeSmith,@SenatorRounds,@SenJohnThune,@SenJohnBarrasso,@SenToddYoung,@JohnBoozman,@SenJohnHoeven,@Weaponization,@johncombest_com,@realDailyWire,@benshapiro,@CallyGingrich,@newtgingrich,@TheBennyShowPod,@shellenberger,@joerogan,@katesrichardson,@MorningsMaria,@elonmusk,@JudicialWatch,@larry_kudlow,@FoxBusiness,@EdwardLawrence,@_phillipsmorgan,@RichEdsonDC,@JakeSherman,@DonaldJTrumpJr,@benfergusonshow,@AmericaRpts,@SteveGuest,@ChuckRossDC,@dcexaminer,@PunchbowlNews,@WendellHusebo,@NRO,@FreeBeacon,@LisaMarieBoothe,@joelpollak,@pdoocy,@radio_marino,@ChrisPlanteShow,@FoxNewsAI,@EricBollingShow,@cthompsontv,@seanmdav,@HeyTammyBruce,@Missourinet,@NEWSMAX,@JamesRosenTV,@SchmittNYC,@A1Policy,@burgessev,@igorbobic,@mattdizwhitlock,@SteveScalise,@BretBaier,@marklevinshow,
SteveDaines,@SenKevinCramer,@SenatorLankford,@SenTomCotton,@GregForMontana,@SenJoniErnst,@RepBradWenstrup,@SenatorBraun,@SenJohnHoeven,@SenatorRisch,@SenJohnBarrasso,@GovGianforte,@MikeCrapo,@SenThomTillis,@SenatorTester,@JohnCornyn,@SenMikeLee,@SenJohnThune,@SenCapito,@JerryMoran,@SenatorWicker,@MTGOP,@SpeakerJohnson,@IsraelWarRoom,@KatalinNovak_HU,@Olivia_Beavers,@ynetnews,@J_Insider,@SheehyforMT,@Telegraph,@russianforces,@WVGovernor,@NORADCommand,@SarahHuckabee,@SamWiesneth,@RobinPaone,@MatthewLloyd,@SenKatieBritt,@PeterZeihan,@alexbruesewitz,@bgmasters,@cwdaines,@CSLewisDaily,@RachelDumke9,@KernenBlake,@elonmusk,@ChrisAverillMT,@james_levinson,@Deborah35825615,@Gerashchenko_en,@seanhannity,@AnastasiaRadina,@BenjaminHallFNC,@RealTimeNews10,@KyivIndependent,@TreyYingst,@nolanwpeterson,@dannydeurbina,@saylor,@philippilk,@RobbErickson3,@SenTuberville,@MeMeMiddleClass,@jeremycarl4,@alexrego_tweets,@timkellernyc,@roddreher,@MTrider16,@RepRosendale,@BorgataSports,,
SenatorTester,@ChrisMurphyCT,@clairecmc,@PattyMurray,@SenBlumenthal,@SenGaryPeters,@jontester,@MarkWarner,@maziehirono,@SenDuckworth,@ChrisVanHollen,@ChrisCoons,@SenatorDurbin,@Sen_JoeManchin,@SenSherrodBrown,@SenatorBaldwin,@SenBobCasey,@SenJackReed,@SenAngusKing,@daily_montanan,@MansfieldCenter,@bradmwarren,@SenAlexPadilla,@SenKevinCramer,@ElizLanders,@NewsHour,@EliCousin,@SenPeterWelch,@CollinsWilmot,@MikeMNugent,@RepSpanberger,@NFUDC,@wwp,@davidaxelrod,@ruralhealth,@MitchLandrieu46,@OfficialMLK3,@jacobmspringer,@ChiefNGB,@thehairykid,@SecVetAffairs,@C_Roberts310,@DenisMcDonough,@GovGianforte,@SenLummis,@SenatorLujan,@SenatorHick,@SenMarkKelly,@95Cormac,@ElieNYC,@RmadisonMT,@DylanLaslovich,@royloew,@porkchoppipe,@EDFaction,@patstranix,@MylesBugbee,@JimInhofe,@SenateGOP,@GrahamBlog,@marcorubio,@SenAlexander,@SenCapito,@SenToddYoung,@MarshaBlackburn,@SenBooker,@SenJoniErnst,@SenDanSullivan,,,,
SenatorFischer,@SenatorRisch,@MikeCrapo,@SenatorWicker,@JerryMoran,@SenJohnHoeven,@SenJohnBarrasso,@JohnBoozman,@SenCapito,@SenThomTillis,@lisamurkowski,@RoyBlunt,@JohnCornyn,@SenJoniErnst,@SenatorCollins,@SenJohnThune,@SenatorLankford,@SenDanSullivan,@SenAlexander,@SenJackReed,@SenKevinCramer,@RodneyDBennett,@BasedMikeLee,@USRepMikeFlood,@SenatorRicketts,@TeamPillen,@CooksleyBarbara,@BWallaceMP,@trussliz,@JacquiHeinrich,@DougAndres,@SenatorLujan,@edokeefe,@nytimes,@AmericaNewsroom,@LucasFoxNews,@NTVsGrow,@asanderford,@SenLummis,@RogerMarshallMD,@NefbPres,@ChildrensNE,@SecVilsack,@SenatorHagerty,@SenJohnKennedy,@SenBillCassidy,@SenTuberville,@SenTinaSmith,@NE_TF1,@USDA,@Food4Heartland,@NebraskaMed,@JackMitchellLNK,@KLINRadio,@NEDHHS,@BrendanCarrFCC,@NebraskaSociety,@unmc,@jeffreypgold,@NTVNewsColleen,@NTVNEWS,@UofNE_President,@NTVsSaraKirkley,@RuralRadioNet,@NationalCorn,@UNLBeef,@NECornBoard,@firefighter89,@BDoeschot,@NECattlemen,,
SenatorRicketts,@NEAttorneyGen,@TeamPillen,@RepDonBacon,@SenEricSchmitt,@jim_pillen,@NE_Examiner,@USRepMikeFlood,@PaulHammelNE,@SenTuberville,@SenKatieBritt,@SenMullin,@Flood4Nebraska,@NEFarmBureau,@SenatorBraun,@SenatorLankford,@SenJoniErnst,@NebraskaYR,@SenJohnBarrasso,@JohnBoozman,@DonJBacon,@FCSAmerica,@RebeccaRoseGold,@LNLMikeBell,@FoxNewsSunday,@SchmittNYC,@hughhewitt,@FoxNews,@philosproject,@OmahaYR,@dcexaminer,@sbaprolife,@FoxNewsAI,@IWV,@TrevAlberts,@HuskerVB,@Riley_Gaines_,@jordybahl,@goknights77,@almaloveyoona,@u_nebraska,@NCITE_COE,@LincolnChamber,@HIBA_Nebraska,@CapitolPolice,@ChadPergram,@KAAPALLC,@MaryMargOlohan,@DailySignal,@SenatorDurbin,@mdubowitz,@davidpopp,@Heritage_Action,@ProfPetePoppert,@BDoeschot,@DoaneUniversity,@HuskerTFXC,@Tyson_Havranek,@KRGINews,@ScottyVKFAB,@Nebraska511,@OmahaSB,@OmahaBSB,@OmahaHKY,@OmahaWBB,@HuskerWBB,@CreightonWBB,@CU_Baseball,@CreightonVB,@BluejayMBB,@creightonmsoc,
SenCortezMasto,@NASA,@SenJackyRosen,@SenDuckworth,@MarkWarner,@PattyMurray,@SenatorTester,@ChrisVanHollen,@gillibrandny,@SenatorBaldwin,@RepSusieLee,@maziehirono,@SenKevinCramer,@SenatorHassan,@SenatorMenendez,@SteveSisolak,@SenTinaSmith,@SenatorCantwell,@SenJackReed,@SenBrianSchatz,@TheNVIndy,@UNRLakeTahoe,@POTUS,@SphereVegas,@BCTNNevada,@CiscoAguilar,@lmwodarski,@NevadaWingCAP,@VARenoNevada,@LASairport,@Teamsters,@EricaMosca14,@comstockinc,@ClimatePower,@SenatorLujan,@SenAlexPadilla,@NVIC_gov,@CommishMcCurdy,@Pres_Sandoval,@SenatorHick,@AnaCabrera,@DeathValleyNPS,@amjoyshow,@DiversifyNevada,@AHLA,@NevadaResorts,@AmericanGaming,@ProtectOurCare,@ahcancal,@@ahcancal,@TelemundoEPET,@Raiders,@EPWCmte,@NVSOS,@_ajawilson22,@RepEspaillat,@EdAllianceWasho,@NVTreasurer,@NvDOW,@LapulgadeLV,@EstaEnTusManosN,@TravelNevada,@EddyHouseReno,@KeepTahoeBlue,@Kidsspeak4parks,@NevadaSBDC,@maketheroadnv,@NevadaHANDLV,@Nature_Nevada,@USCG,@GUPolitics,@nvhousing
SenJackyRosen,@NASA,@SenCortezMasto,@SenDuckworth,@RepSusieLee,@ChrisVanHollen,@gillibrandny,@SenKevinCramer,@SenatorBaldwin,@SenTinaSmith,@SenatorHick,@SenJackReed,@TheNVIndy,@repdinatitus,@SenatorHassan,@SenAngusKing,@SenatorShaheen,@SenatorCarper,@RepHorsford,@SenGaryPeters,@MickyWhiteNV,@TTDAFLCIO,@BrightlineWest,@MitchLandrieu46,@SenPeterWelch,@SenFettermanPA,@JosephMLombardo,@UNRLakeTahoe,@Creech_AFB,@vegasdesertdogs,@JenniferLopezNV,@rttaylor15,@DR_BCW,@WHCOVIDResponse,@nevadadotreno,@SecondGentleman,@NVSOS,@renownhealth,@RepJamesClyburn,@HowardWattsNV,@OliviaDiazLV,@CommishTick,@LGCanoBurkhead,@MichaelNaft,@Renzo_Olivari,@stew_boss,@lizzyleer,@GrantDubler,@SenateForeign,@SFRCdems,@NellisAFB,@CTATech,@RepTedDeutch,@eileensfloral,@BrandUSA,@DeptofDefense,@DHSgov,@henrovak,@NatlHeadStart,@Space_Station,@AHousefather,@TMobileArena,@NYNYVegas,@JulianaUrtubey3,@ActiveRetirees,@FLOTUS,@unlvmedicine,@211Nevada,@ClaimsCon,@DrPollard_NS,@accessnow,
SenatorHassan,@SenatorShaheen,@PattyMurray,@SenDuckworth,@SenWhitehouse,@SenBlumenthal,@MarkWarner,@SenatorDurbin,@SenGaryPeters,@SenJackReed,@SenatorTester,@maziehirono,@ChrisVanHollen,@SenatorCantwell,@SenSherrodBrown,@SenatorBaldwin,@ChrisCoons,@SenBobCasey,@SenatorCardin,@gillibrandny,@SenFeinstein,@joshsorbe,@SecRaimondo,@CampsKandE,@SecretaryPete,@bistatepca,@NHAHA603,@AmoskeagHealth,@AARPNH,@FixtheDebt,@LittletonCoin,@RepAdamSchiff,@DSenFloor,@SenRandPaul,@SenatorBraun,@SenAlexPadilla,@LucasSMeyer,@JudiciaryDems,@SenKevinCramer,@CapitolPolice,@NHJustice4All,@SenatorWarnock,@SenOssoff,@HELPCmteDems,@SVACDems,@HSGAC,@FLOTUS,@POTUS,@WhiteHouse,@SenHydeSmith,@SenatorMarshall,@SenTuberville,@SenLummis,@SenatorHick,@SenatorLujan,@SenMarkKelly,@SenBooker,@SenBillCassidy,@nowthisnews,@SenFinance,@WMUR9,@OIA,@UnionLeader,@US_FDA,@JECDems,@SenateFinance,@SenatorRomney,@SenRickScott,@SenJackyRosen,@SenatorSinema,,
SenatorShaheen,@NASA,@SenatorHassan,@PattyMurray,@SenJackReed,@SenWhitehouse,@SenBlumenthal,@SenatorDurbin,@SenatorCardin,@ChrisVanHollen,@MarkWarner,@ChrisCoons,@maziehirono,@Sen_JoeManchin,@SenatorCantwell,@SenGaryPeters,@SenatorBaldwin,@SenBobCasey,@SenatorCarper,@SenatorCollins,@SenAngusKing,@SenateSmallBiz,@ActSecJulieSu,@mceachern_ty,@SenFettermanPA,@SenAlexPadilla,@andrewsylvia,@amikutzen,@FLOTUS,@SeacoastCurrent,@sampaisley63,@LenahanIan,@SenMarkKelly,@allanbrodriguez,@sqweinstein,@APkfreking,@darehgregorian,@nickiacovella,@RooneyReports,@1077WTPL,@jengilkie,@NewsGranite,@biannagolodryga,@MaxSullivanLive,@GlennSab,@HowardSMG,@HCTrudo,@usafmc,@ritatheurbanist,@CSIS,@WMCC__,@rdnickel,@KNBrewer7,@neeratanden,@KimberleyHaas,@sbg1,@KFILE,@ilyseh,@dawnlaguens,@SenThomTillis,@SenatorLankford,@AsteadWH,@SteveSchmidtSES,@PPNHAF,@JeffreyMcMenemy,@ADeAngelis_bio,@mindykaling,@PreetBharara,@JasonKander,@TVietor08,@CrookedMedia,
SenBooker,@NASA,@RepAdamSchiff,@JoyAnnReid,@SenSchumer,@RepMaxineWaters,@CoryBooker,@kylegriffin1,@SenGillibrand,@ChrisMurphyCT,@SenBlumenthal,@gillibrandny,@SenWarren,@SenDuckworth,@chrislhayes,@SenatorDurbin,@amyklobuchar,@SenFeinstein,@SenWhitehouse,@davidaxelrod,@maziehirono,@SenTimKaine,@DrKBrandi,@ufwfoundation,@clairekelloway,@RepJohnLarson,@RepMarkTakano,@parkminjae,@MKrishnaRogers,@aliyasking,@Ilhan,@RepCori,@NewarkSAS,@RepBowman,@kmprva,@AmplifyVoicesio,@PressSec,@SecretaryPete,@WhiteHouse,@SecYellen,@BennieGThompson,@RonRon8,@BMHCaucus,@SenatorWarnock,@JacksonLeeTX18,@NJNationalGuard,@RepAdams,@RepDavids,@SecBlinken,@SenateAgDems,@POTUS,@SenAlexPadilla,@LisaMonaco,@SenToddYoung,@pressfreedom,@AP_Politics,@GetCoveredNJ,@JordanPeele,@SenatorShaheen,@RepDebHaaland,@Readygov,@ChadMaisel,@byshondaland,@VidCon,@amberscloset33,@AmeriCorps,@OnPointRadio,@SandSJ_NJ,@ParlayHouse,@NAPAWF,@JohnLewisDoc,
SenatorMenendez,@MarkWarner,@SenatorDurbin,@SenBlumenthal,@ChrisVanHollen,@RepGregoryMeeks,@SenWhitehouse,@PattyMurray,@SFRCdems,@SenatorRisch,@ChrisCoons,@SenatorCardin,@SenBillNelson,@SenGaryPeters,@MikeCrapo,@SenJackReed,@stabenow,@SenBobCasey,@maziehirono,@SenSherrodBrown,@SenMarkey,@SpeakerJohnson,@MorePerfectUS,@mirjordan,@juanlozano70,@camiloreports,@ClaudiaUceda,@CristiLondono,@Arosaflores,@juliaioffe,@HudsonCoView,@JakeSherman,@alweaver22,@SenAlexPadilla,@StudentsDemand,@NicholasMarttin,@Zachary_Cohen,@timsullivan510,@theSBPC,@annsaphir,@grobb2000,@byclairew,@steveliesman,@NickTimiraos,@ADL_NYNJ,@FBINewark,@FlitterOnFraud,@allyversprille,@UniNoticias,@BlancaRVilchez,@mstratford,@JStein_WaPo,@DebtCrisisOrg,@Rubinations,@ronlieber,@NASAWebb,@NAEYC,@chris_rexrode,@MfolNewark,@ByKyleCampbell,@McConaughey,@NJCUniversity,@rachsieg,@CDucra,@Haleaziz,@DebVagins,@USAO_NJ,@RCJulien91,@MamaV150,@BriVannozziNJ,@OglesbyAPP,
SenatorHeinrich,@NASA,@SenBlumenthal,@PattyMurray,@SenWhitehouse,@SenatorDurbin,@SenDuckworth,@MarkWarner,@SenAngusKing,@ChrisMurphyCT,@SenJackReed,@SenGaryPeters,@maziehirono,@ChrisVanHollen,@SenatorCardin,@SenBobCasey,@RonWyden,@SenatorTester,@SenatorRisch,@SenatorCantwell,@ChrisCoons,@Senlaphonza,@GRRMspeaking,@SenOssoff,@mzjacobson,@RobGramlichDC,@GGutierrez_48,@JesseJenkins,@windpower_m,@CleanEnergyGrid,@NREL,@pvmagazine,@SenatorRounds,@BLMWild,@USBorderlander,@AdanSernaNM,@ENERGYDeploy,@SecVilsack,@DepSecXoch,@Peter_StCyr,@GovPierluisi,@RepPaulTonko,@SenPeterWelch,@source_nm,@SenateApprops,@SenFettermanPA,@Susan_M_Moree,@MitchLandrieu46,@audubonsociety,@YoungFarmers,@BoldFutures,@RepGabeVasquez,@@RepGabeVasquez,@speedandscale,@burn_zozobra,@chrislhayes,@sarahLazarovic,@jnoisecat,@MarcelaMulh,@RevYearwood,@_jadebegay,@FBIAlbuquerque,@MarkUdall,@JakeSherman,@MeetThePress,@NatlHeadStart,@GilaNForest,@CarsonNF,@ginamccarthy46,@SecretaryPete,@USDOT,@StephenAtHome
SenatorLujan,@NASA,@GovMLG,@Gabe_NM,@RepTeresaLF,@NMLegislature,@SenatorHeinrich,@RepZoeLofgren,@MayorKeller,@KOB4,@Rep_Stansbury,@SenBrianSchatz,@RepCardenas,@thenewmexican,@LtGovMorales,@NewMexicoOAG,@USRepMikeDoyle,@MelanieforNM,@SenJackyRosen,@NMInDepth,@FrankPallone,@Senlaphonza,@catypayette,@HC_Richardson,@MitchLandrieu46,@samhsagov,@melissalvarex,@TheRealAustonA,@NatlParkService,@Ava_S_NM,@peterbakernyt,@RepRaskin,@IWRising,@SenFettermanPA,@RepGabeVasquez,@ConnieSchultz,@jonstewart,@Yolanda_Diaz_,@NYTBlake,@EvaLongoria,@SenBooker,@ActuallyNPH,@yadvashem,@SecCardona,@SenateApprops,@SenCoonsOffice,@LaCasaBlanca,@lizbrownkaiser,@thefsalazar505,@jahimes,@JulieNBCNews,@goodberger34,@christianjhall,@alexgibneyfilm,@RepMalinowski,@BrendanCarrFCC,@eeregov,@katherinetrevas,@nmhighered,@lisamurkowski,@EmnrdNM,@DepSecGraves,@HobbsNewsSun,@JenniferHomendy,@AliVelshi,@davidshepardson,@RepCori,@AnaCabrera,@BernCounty,@IHSgov,@MikeMcDTweets,
SenGillibrand,@NASA,@SenWarren,@SenSchumer,@ChelseaClinton,@RepAdamSchiff,@RepMaxineWaters,@maddow,@KamalaHarris,@SenFeinstein,@CoryBooker,@staceyabrams,@ChrisMurphyCT,@SenSanders,@amyklobuchar,@gillibrandny,@SenateDems,@TheDemocrats,@SenBlumenthal,@timkaine,@HouseDemocrats,@BillieJeanKing,@CastelliMatt,@KathyMSheehan,@Dorcey1stWard,@KamalDJohnson1,@DeborahJGlick,@Michelle4NM,@CleanAirMoms,@cher,@GaryPeters,@POTUS,@samraforsenate,@eve_rodsky,@eleanorslegacy,@TIME,@RitchieTorres,@MondaireJones,@JamaalBowmanNY,@TinaSmithMN,@WorkingFamilies,@HoulahanForPa,@marygayscanlon,@JCarrollFoy,@emmyrossum,@lessig,@tooningout,@DemConvention,@ossoff,@ChristySmithCA,@NikemaWilliams,@RewireNewsGroup,@GinaOrtizJones,@alexismcgill,@EdMarkey,@pulseorlando,@ReverendWarnock,@emeraldgarner_,@sarahhartclark,@M_Cash,@TomSteyer,@valdemings,@Will_P_Goodwin,@MehrsaBaradaran,@janjanjan,@BidenLGBTQ,@AmbassadorRice,@ilazer,@PaidLeaveforAll,@stevebullockmt,@RhonnieF,
SenSchumer,@VP,@SpeakerPelosi,@SenSanders,@SenWarren,@RepAdamSchiff,@ewarren,@SecondGentleman,@JoeBiden,@alfranken,@MSNBC,@amyklobuchar,@RepJeffries,@TheDemocrats,@SenGillibrand,@SenateDems,@RepMaxineWaters,@maddow,@HouseDemocrats,@SenFeinstein,@SenatorTester,@catypayette,@NAMINYCMetro,@EachusAD99,@AFLCIO,@LizShuler,@j_cyre,@SenFettermanPA,@scheiber,@schoes8,@DebHarkness,@MayorSheehan,@karamdixon,@SenTimKaine,@DRichardsQNS,@SenatorLujan,@riya_vashi,@azmainashraf,@joeaguilar0,@americanutopia,@ParisHilton,@GovKathyHochul,@TomEdwards360,@rcohen,@SecretaryPete,@Raffi_RC,@PalaceAlbany,@albanysym,@WhiteHouse,@SenOssoff,@SenatorWarnock,@SallyQYates,@FLOTUS,@POTUS,@jilkat25,@SenMarkKelly,@NLIHC,@LevineJonathan,@thepashby,@AllyBiasotti,@ChristopherHahn,@jslatte1,@JessicaDeCerce,@gillibrandny,@FrescoLeon,@EmCollective,@Boilermaker15K,@SenateSmallBiz,@EnergyDems,@HSGAC,,
SenTedBuddNC,@RepTimBurchett,@RepMeuser,@RepGregSteube,@RepClayHiggins,@RepBrianBabin,@RepScottPerry,@RepCarolMiller,@SenMullin,@RepJohnJoyce,@RepRussFulcher,@RepMichaelGuest,@RepCloudTX,@RepBrianMast,@RepJohnRose,@RepRalphNorman,@RepKatCammack,@RepTrentKelly,@CongressmanHice,@RepRutherfordFL,@TedBuddNC,@EladStr,@RepMarkAlford,@USNavy,@Virginia_Allen5,@greg_price11,@TTuberville,@prattandwhitney,@RepRussellFry,@RedCross_NC,@NCCarolinaCore,@RepEricBurlison,@DougAndres,@TylerJVoigt,@SRCC,@GunOwners,@SenMarkey,@NCTreasurer,@RepJames,@RaineyFreedom,@specialolyUSA,@BasedMikeLee,@JohnBellNC,@TeamCavuto,@ACTEpolicy,@SenJackReed,@ChiefUSAR,@TECRO_USA,@clt_alliance,@MCASCPPA,@SJAFB,@82ndABNDiv,@18airbornecorps,@USASOCNews,@2dMarDiv,@26MEU,@camp_lejeune,@PackMensBball,@SenMarkKelly,@RepEdwards,@SenatorRicketts,@JoeTalkShow,@WSJ,@FoxNews,@ElbridgeColby,@JohnCena,@FAIRImmigration,@nicholasmcraig,@AFPNC,@AMPotentialPod,@ILMchamber,
SenThomTillis,@NASA,@ChuckGrassley,@SenatorBurr,@SenatorRisch,@MikeCrapo,@SenKevinCramer,@SenTomCotton,@SenJoniErnst,@SenRonJohnson,@JerryMoran,@SenJohnHoeven,@SenJohnBarrasso,@SenatorWicker,@SenatorLankford,@SenatorCollins,@SenMikeLee,@RoyBlunt,@JohnCornyn,@SenJohnKennedy,@SenatorFischer,@Jerusalem_Post,@ncforestservice,@AmbNathanSales,@BPUnion,@CTruittNCDPI,@BillMelugin_,@LtChrisOlivarez,@Anna_Giaritelli,@HarrisTeeter,@EnesFreedom,@SECGov,@USMNT,@USCapitolTree,@NWSMorristown,@NWSGSP,@RedCross_NC,@ReadyWake,@AdamShawNY,@SheriffAlamance,@rockcosheriff,@murphsturph,@SecretaryPete,@noticias40,@BryanBashur,@sbaprolife,@aeholland18,@zipline,@PrattMiller,@roushyates,@AVMACAN,@GlobalTransPark,@GUC_Info,@TheCOVIDCollab,@BlueStarFamily,@VetBridgeHome,@988Lifeline,@GMDefense,@SenateCyber,@RepDeborahRoss,@SenTuberville,@GrowSanfordNC,@AMBrewery,@CapitolPolice,@SalisburyVAMC,@wakeforestmed,@AtriumHealthWFB,@AtriumHealth,@TechNetUpdate,@SenatorHassan,@_MealsOnWheels,
SenKevinCramer,@SenJohnHoeven,@MarshaBlackburn,@SenatorBraun,@GovDougBurgum,@SenatorLankford,@MikeCrapo,@SenThomTillis,@SenatorRisch,@SenJohnKennedy,@SenatorWicker,@SenToddYoung,@SenJohnBarrasso,@RepKayGranger,@JerryMoran,@SenCapito,@SenJohnThune,@SenatorFischer,@SenDanSullivan,@RoyBlunt,@RepDaveJoyce,@alzassociation,@AirMobilityCmd,@aircombatcmd,@RepMalliotakis,@GenAtomics_ASI,@Armstrong_ND,@GrandForksPD,@thecityoffargo,@FargoPolice,@GenCQBrownJr,@SenKatieBritt,@HouseAppropsGOP,@KirstenHillmanA,@TBN,@KLOVERadio,@SenWhitehouse,@MarneyGellner,@SenatorHeinrich,@SenAlexPadilla,@SenatorTester,@SenOssoff,@ChrisCoons,@CNBC,@SullyCNBC,@DEPAUSA,@IPAAaccess,@SenJudiciaryGOP,@SmallBizCmteGOP,@SenateAgGOP,@PCACHAD,@SenFinance,@WaysandMeansGOP,@nick_sobczyk,@CSISEnergy,@SenatorLujan,@SenMullin,@NDYRepublicans,@katievincentz,@BeckyQuick,@Jim_Jordan,@SiegelScribe,@Drew_Lingle42,@NFLCFM_Vikes,@SecAFOfficial,@NFL,@Vikings,@Commanders,@FoxBusiness,@patsylevang5,@KRobbinsMN,
SenJohnHoeven,@MikeCrapo,@SenatorRisch,@SenatorEnzi,@SenJohnBarrasso,@JerryMoran,@SenatorFischer,@SenatorWicker,@JohnBoozman,@SenKevinCramer,@RoyBlunt,@SenPatRoberts,@SenatorCollins,@SenThomTillis,@lisamurkowski,@SenMikeLee,@SenJohnThune,@SenAlexander,@SenCapito,@SenJoniErnst,@SenatorBurr,@NFUDC,@FarmBureau,@NAFB,@SpaceForceDoD,@SpaceForceCSO,@NDAREC,@midwestcouncil1,@SenateYouth,@TammyMillerND,@PCACHAD,@AmericanLegion,@AFGlobalStrike,@SenKatieBritt,@SenVancePress,@SenTedBuddNC,@SenEricSchmitt,@SenMullin,@NodakStuco,@StPaulUSACE,@NDResponse,@NDSUEngineering,@BCBSND,@CityofWestFargo,@BismarckNDGov,@FAANews,@NatlBlueRibbon,@undeerc,@AnneCarlsenCntr,@GFCountyND,@GenCQBrownJr,@WardCtyLibrary,@WashTimes,@USBPChiefDRT,@4H,@NationalFFA,@NDstate4H,@NatlParkService,@SchlossmanGF,@SecGranholm,@RepFischbach,@JackieDeAngelis,@overby_ranch,@CarahHart,@FoundingFarmers,@SenateAgGOP,@SecVilsack,@SenatorHagerty,@SenTuberville,@BillHagertyTN,@SenatorMarshall,
SenSherrodBrown,@NASA,@Yamiche,@SenBlumenthal,@SenWhitehouse,@MarkWarner,@maziehirono,@SenatorDurbin,@PattyMurray,@SenDuckworth,@ConnieSchultz,@SenBobCasey,@senrobportman,@SenatorLeahy,@SenatorBaldwin,@ChrisCoons,@SenJeffMerkley,@SenGaryPeters,@SenatorCantwell,@RonWyden,@SenSchumer,@GLFOP,@ClevelandFed,@CleBCTC,@OhioTrades,@Senlaphonza,@UMACleveland,@JDVance1,@CAPAction,@SVACDems,@EPAGreatLakes,@CincyChildrens,@RepGregLandsman,@RepMaxMiller,@RogerMarshallMD,@RepDeluzio,@SenatorLujan,@SenPeterWelch,@OhioEPA,@SenFettermanPA,@SenTimKaine,@EXIMChair,@DepSecBronaugh,@CentralState87,@CuyahogaEITC,@MayorBibb,@FlyingWithSara,@UNUMKenBurns,@unitehere,@OhioHousing,@SecMartyWalsh,@FCNL,@GE_Aerospace,@RickSmithShow,@CuyahogaHousing,@LizShuler,@4TaxFairness,@RepRoKhanna,@YtownTitoBrown,@JobsOhio,@OhioFoodbanks,@teresa_fedor,@KenyonCollege,@IrontonTribune,@SenAlexPadilla,@bryantimes,@SpectrumNews1OH,@GrCinciFdn,@4AllPeople4,@wbiinnovates,@ChildDefender,
SenVancePress,@JDVance1,@StephenM,@GovernorVA,@mschlapp,@RepJimBanks,@GabeGuidarini,@ssharmaUS,@NickSSolheim,@AidenBuzzetti,@greg_price11,@BullMooseProj,@DanielMKishi,@willchamberlain,@JaneTimkenOH,@AmVirtueOrg,@matthewwalther,@kimguilfoyle,@ARKloster,@ToryAnarchist,@AndrewJTobias,@ForAmerica,@AaronJBKofsky,@charlottew006,@RealJDenton,@RealPMagid,@RepDanBishop,@SenatePress,@Paduch,@jake_zuckerman,@MastersPress,@nbc4i,@guypbenson,@VoteJenaPowell,@Vote_Davidson,@Sam_Markstein,@Luke__Schroeder,@mbrooksrjc,@RJC,@PutnamGOP,@SenateGOP,@GOP,@LangForOhio,@SpeakerCupp,@KeithFaber,@RobertCSprague,@JonHusted,@ohiogop,@bennyjohnson,@NRSC,@sbaprolife,@NoorBinLadin,@BreitbartNews,@TrumpWarRoom,@realLizUSA,@OHVotes4Life,@ohiolife,@approject,@GovRonDeSantis,@CaseyDeSantis,@ericbolling,@WLWT,@pruett_collin,@ericmetaxas,@clayandbuck,@ColumbiaBugle,@toledonews,,,,,
SenatorLankford,@NASA,@SenatorTimScott,@SenKevinCramer,@SenTomCotton,@TomColeOK04,@SenRonJohnson,@SenMullin,@JohnCornyn,@SenThomTillis,@SenJoniErnst,@SenatorBraun,@JimInhofe,@LtGovPinnell,@SenJohnKennedy,@SenMikeLee,@SenJohnBarrasso,@SenatorRisch,@GovStitt,@MikeCrapo,@SenateGOP,@SpeakerJohnson,@RepKManning,@Reuters,@ICEgov,@AMPotentialPod,@InvestToGrowUS,@RepJimmyPanetta,@OilandEnergy,@SenRandPaul,@hospitals4kids,@AdamShawNY,@MailOnline,@RepMaryMiller,@RepMalliotakis,@CUFI,@SenatorRicketts,@alzassociation,@KOCOAbigail,@EagleForum,@OU_Softball,@deneenborelli,@JoeKhalilTV,@Rep_Clyde,@TCSO,@RepBarryMoore,@RepCloudTX,@TheJuanWilliams,@LozierInstitute,@SenEricSchmitt,@buttkicker7,@RepBice,@RepBrecheen,@christomlin,@BasedMikeLee,@foxnewsradio,@VenturaReport,@esullivannyt,@KWaggonerADF,@juliaajohnson_,@KirkCameron,@mollymotoole,@CombatASemitism,@icons_women,@IWF,@thepearlhouse,@OKTurnpike,@OkCountySheriff,@OU_WGymnastics,@OKcommerce,@StateOfOK,
SenMullin,@RepJasonSmith,@TomColeOK04,@RepBrianBabin,@RepMikeRogersAL,@SenatorLankford,@RepFrankLucas,@RepMeuser,@Robert_Aderholt,@RepLoudermilk,@RepLarryBucshon,@CongMikeSimpson,@RepDaveJoyce,@RepBradWenstrup,@RepChrisStewart,@RepBlaine,@RepBuddyCarter,@DesJarlaisTN04,@RepJimBanks,@AustinScottGA08,@RepTrentKelly,@bennyjohnson,@OklahomaDEQ,@1st_SF_Command,@SenMarcoRubio,@kilmeade,@tracegallagher,@SenCortezMasto,@aishahhasnie,@PeteRicketts,@RepDesposito,@StillwaterOKgov,@fires_6,@7Fires3,@usacac,@TRADOC,@OSRHEChancellor,@Hearts4Hearing,@CCAInstitute,@EMSAOK,@cityoftulsagov,@RepBethVanDuyne,@alzoklahoma,@mercedesschlapp,@JennPellegrino,@GriffJenkins,@McAlesterArmy,@toddstarnes,@PortMuskogee,@GLFOP,@SenWestCaucus,@BillMelugin_,@SenatorSinema,@OKCattlemen,@KennedyNation,@blaynearthur,@SandraSmithFox,@RedCrossOK,@SenatorCollins,@SteveDaines,@normanokpd,@OKCFD,@OKCPD,@OkCountySheriff,@CityofEdmond,@EdmondChamber,@utulsa,@City_of_Altus,@u_artillery,@97AMW,@OfficialFtSill,
SenJeffMerkley,@NASA,@RonWyden,@ChrisMurphyCT,@SenWhitehouse,@SenSchumer,@SenBlumenthal,@PattyMurray,@SenatorDurbin,@MarkWarner,@timkaine,@SenGillibrand,@SenDuckworth,@maziehirono,@SenFeinstein,@clairecmc,@ChrisCoons,@ChrisVanHollen,@SenBobCasey,@SenSherrodBrown,@SenBillNelson,@Senlaphonza,@CCCPortland,@RepBeccaB,@adamschreck,@CMcBinDC,@EPAnorthwest,@gillibrandny,@RepSummerLee,@RepMcClellan,@RepSalinas,@SFRCdems,@RepWilson,@RepValHoyle,@SenFettermanPA,@RepStricklandWA,@RepMGP,@GovTinaKotek,@davidrising,@MiriamABerger,@EricSchmittNYT,@JackDetsch,@EliseJoshi,@RobbieGramer,@stephen_neukam,@FireDrillFriday,@MollyJongFast,@AsstSecCastillo,@LaneCountyGov,@ORSmokeInfo,@SenTimKaine,@EPAMichaelRegan,@NCYLnews,@January6thCmte,@ossoff,@RepAOC,@Rob_Weissman,@EnesFreedom,@RepBowman,@CECCgov,@RepUnderwood,@RepShontelBrown,@RepMondaire,@ParisHilton,@SecDebHaaland,@RepNikema,@RedCrossCasc,@OregonOEM,@211info,@RepRitchie,@TheLeoTerrell,
RonWyden,@SenJeffMerkley,@SenBlumenthal,@ChrisMurphyCT,@SenWhitehouse,@PattyMurray,@SenatorDurbin,@SenGillibrand,@MarkWarner,@timkaine,@maziehirono,@SenFeinstein,@SenDuckworth,@clairecmc,@ChrisCoons,@ChrisVanHollen,@SenSherrodBrown,@SenBobCasey,@SenatorCantwell,@SenJackReed,@SenatorLeahy,@SSWorks,@cityofcorvallis,@oregonstatenews,@RepDelBene,@FreedomofPress,@emilyzazaza,@SecGranholm,@AshleySchapitl,@988Lifeline,@OtisCafe,@TheNewsGuard,@headlightherald,@ppsworegon,@thebulletin,@DesNatlForest,@hwhouston1,@RepYvetteClarke,@ColorOfChange,@oxyokedriver,@USInteriorPress,@Homes4GoodHA,@EvergreenAction,@AdyBarkan,@PaidLeaveforAll,@CentralORFire,@ODF_COD,@ForestServiceNW,@BootlegFireInfo,@BentonCoGov,@NWS,@NWSMedford,@swofire,@forestservice,@BLMOregon,@RRSNF,@EastOregonian,@HighDesertMuse,@m0nica10,@JRosenworcel,@nycsouthpaw,@natsfert,@Oregon_Law,@POTUS,@pressfreedom,@RepRaskin,@katrinahPDX,@World_Forestry,@familyforward,@JRosenworcelFCC,@NWF,
SenBobCasey,@NASA,@GovernorShapiro,@ChrisMurphyCT,@SenSchumer,@SenBlumenthal,@SenatorDurbin,@PattyMurray,@SenWhitehouse,@MarkWarner,@clairecmc,@SenatorTester,@maziehirono,@timkaine,@SenFeinstein,@SenGillibrand,@ChrisVanHollen,@SenToomey,@MikeCrapo,@SenSherrodBrown,@SenatorCardin,@RickSmithShow,@RepOMara,@RepJasmine,@Commish_Schmidt,@mishalinnehan,@TheHersheyBears,@LGAustinDavis,@RepDeluzio,@MitchLandrieu46,@JohnHicks00,@NIO25iam,@SenFettermanPA,@MaryKayHenry,@gainey_ed,@cityreadingpa,@MedicareGov,@GPHCC,@SenTimKaine,@commercedems,@alastanford,@hhsregion3,@ARCgov,@usdaRD,@Philabundance,@US_EDA,@RD_Pennsylvania,@FEMAregion3,@SenBillCassidy,@RepDebDingell,@WhiteHouseCEA,@GabbyGiffords,@SecCardona,@EPAMichaelRegan,@USTradeRep,@AmbassadorTai,@SecVilsack,@SecDef,@SecRaimondo,@aslavitt46,@KFILE,@SecGranholm,@SecDebHaaland,@USAmbUN,@SecBlinken,@RepPattyKim,@SecMartyWalsh,@RepJerryNadler,@HelenGymAtLarge,@INDEPENDENCENHP,@Yamiche,
SenFettermanPA,@RepJeffries,@SecretaryPete,@SenWhitehouse,@giselefetterman,@maziehirono,@SenJeffMerkley,@PattyMurray,@SenSherrodBrown,@SenJackyRosen,@SenatorHick,@SenatorHeinrich,@SenateDems,@SenBobCasey,@SenatorCarper,@EPWCmte,@SenDuckworth,@RepDeluzio,@SenStabenow,@SenatorCardin,@SenatorLujan,@FoxNews,@Senlaphonza,@EPA,@GrittyNHL,@PAHealthDept,@PennDOTNews,@CitiParks,@Amtrak,@TheNextPGH,@MayorEdGainey,@Pittsburgh,@sixers,@NHLFlyers,@penguins,@Pirates,@Phillies,@RepDean,@RepSusanWild,@RepCartwright,@RepHoulahan,@RepMGS,@RepBrendanBoyle,@JECDems,@SenateBanking,@SenateAging,@SenateAgDems,@SenatorShaheen,@ChrisMurphyCT,@SenTimKaine,@RonWyden,@RepDwightEvans,@cspan,@RepSummerLee,@SenatorBennet,@Sen_JoeManchin,@SenatorMenendez,@SenJackReed,@SenatorCantwell,@SenAngusKing,@SenatorBaldwin,@SenCortezMasto,@VP,@SenGaryPeters,,,,,,,,
SenJackReed,@SenWhitehouse,@PattyMurray,@SenBlumenthal,@SenatorShaheen,@SenatorTester,@maziehirono,@SenatorCardin,@MikeCrapo,@SenGaryPeters,@SenAngusKing,@JimLangevin,@SenDuckworth,@RonWyden,@SenatorHeinrich,@SenatorWicker,@SenatorBurr,@SenatorCollins,@RepCicilline,@SenStabenow,@SenSherrodBrown,@RepGabeAmo,@RepJeffries,@Rep_Magaziner,@SenOssoff,@SenatorWarnock,@GovDanMcKee,@SenMarkKelly,@SenJackyRosen,@POTUS,@VP,@repjohnlewis,@RIHEALTH,@GovRaimondo,@CDCgov,@82ndABNDiv,@Lin_Manuel,@SpeakerPelosi,@SenGillibrand,@Sen_JoeManchin,@SenDougJones,@JimInhofe,@SenWarren,@MarkWarner,@timkaine,@SenSchumer,@SenMarkey,@USMCSgtMaj,@SASCGOP,@RhodeIslandcom,@SASCDems,@SenShelby,@InhofePress,,,,,,,,,,,,,,,,,,,
SenWhitehouse,@NASA,@ChrisMurphyCT,@alfranken,@SenBlumenthal,@RepRaskin,@RepJeffries,@marceelias,@tribelaw,@NicolleDWallace,@amyklobuchar,@RepSwalwell,@clairecmc,@SenatorDurbin,@harrylitman,@PreetBharara,@maziehirono,@DavidCornDC,@JRubinBlogger,@SenDuckworth,@RepJerryNadler,@RepGabeAmo,@Fahrenthold,@JuddLegum,@EricHolder,@ericuman,@kedric_payne,@therecount,@SenPeterWelch,@neeratanden,@FixTheCourt,@steve_vladeck,@DougLindner,@Tiffany_Muller,@KrisB_Brown,@anneapplebaum,@LeahLitman,@mintimm,@ariakov,@thelisagraves,@HopeHealthCo,@OSDRI_Vets,@NoLieWithBTC,@briantylercohen,@ZoeTillman,@accountable_us,@DylanKahler22,@SenBillCassidy,@InfluenceMap,@RepMarkPocan,@aedurkinricher,@scottwongDC,@frankthorp,@sahilkapur,@SenFettermanPA,@McCainInstitute,@Accountable_Org,@Rep_Magaziner,@MikeInacay,@senrobportman,@GarrettHaake,@AndrewDesiderio,@RepCardenas,,,,,,,,,
JeffMerkley,@davidhogg111,@EricHolder,@DougJones,@brianschatz,@CREWcrew,@MoveOn,@RonWyden,@NormEisen,@neeratanden,@maziehirono,@TomSteyer,@AprilDRyan,@renato_mariotti,@shannonrwatts,@girlsreallyrule,@TheRickyDavila,@NickKnudsenUS,@GaryPeters,@KaivanShroff,@jontester,@AndreaRSalinas,@JamieforOregon,@TinaKotek,@CheriBeasleyNC,@valdemings,@oregonfoodbank,@ImmaBlueDot,@CarolforTexas,@Booker4KY,@DrAlGrossAK,@debbie4oregon,@CourtneyForHD26,@DebPattersonOR,@KielyforOregon,@MelissaCribbins,@go_to_Cgorsek,@JackieForOregon,@JasonForBend,@AricForMN,@ossoff,@Shemia_Fagan,@blackresiliency,@benraylujan,@bluesenatepac,@CortezMasto,@PeterHamby,@JamilSmith,@franklinleonard,@JesseCharlesLee,@CherylStrayed,@ChloeEudalyPDX,@danielledeal33,@dchase,@SenChrisDodd,@JuliaEAinsley,@SaraGideon,@GreenfieldIowa,@ReverendWarnock,@alexismcgill,@DickDurbin,@TheRevAl,@FSFP,@CNNSOTU,@JasonWiner,@JoCo_Democrats,@ChrisCoonsforDE,@timkaine,@ClaraJeffery,@AlphonsoDavid,,
SenatorTimScott,@SenTedCruz,@SenJohnKennedy,@MarshaBlackburn,@SarahHuckabee,@NikkiHaley,@LindseyGrahamSC,@SenTomCotton,@HARRISFAULKNER,@SenKevinCramer,@BretBaier,@SenMikeLee,@newtgingrich,@ChuckGrassley,@DanaPerino,@ShannonBream,@TGowdySC,@RandPaul,@SteveScalise,@kilmeade,@marthamaccallum,@LemonadeTwinsSC,@IDF,@StopAntisemites,@SudanTribune_EN,@SecBlinken,@AsstSecStateAF,@IWV,@CoachSBeamer,@TulsiGabbard,@ministrytostate,@StateDept,@CBP,@SenatorRicketts,@schoolchoicebyz,@danieldbunn,@JapanEmbDC,@Demarionjohns13,@KevinRobertsTX,@ACAfricaCenter,@SenKatieBritt,@jimmyfailla,@votetimscott,@OrthodoxUnion,@nickineily,@RepBurgessOwens,@RepAdrianSmith,@MichaelAmiridis,@Invest_InEd,@SenTedBuddNC,@SuccessCharters,@UNinWashington,@scresilience_,@GoGADC,@USAO_SC,@Lulunephron,@DeAngelisCorey,@floodcoalition,@Ph_Etienne,@RepAshleyHinson,@scyoungreps,@FLSheriffs,@bariweiss,@HBCUCaucus,@SenOssoff,@MickMulvaney,@MayraFlores_TX,@FrankLuntz,@GloucesterIn,@ZacMoffatt,@sarahehunt01,
SenatorRounds,@SenJohnThune,@SenThomTillis,@SenKevinCramer,@SenatorRisch,@SenJoniErnst,@SenDanSullivan,@MikeCrapo,@SenatorLankford,@SenJohnHoeven,@JohnCornyn,@JerryMoran,@SenJohnBarrasso,@SenatorFischer,@SenatorWicker,@SenCapito,@lisamurkowski,@SenJohnKennedy,@SenatorBraun,@SenatorCollins,@JohnBoozman,@Senlaphonza,@JCOsterNews,@kwelkernbc,@packers,@sdfarmersunion,@JenGriffinFNC,@Chaplain_Black,@US_SpaceCom,@elonmusk,@SenFettermanPA,@SenMullin,@SenEricSchmitt,@SenTedBuddNC,@SenKatieBritt,@extrardenary,@SenSanders,@SenatorMenendez,@SenAmyKlobuchar,@ChrisVanHollen,@SenRandPaul,@SenatorWarnock,@SenOssoff,@ChrisCoons,@ChrisMurphyCT,@HillCitySD,@WallDrug,@hotspringssd,@VisitSpearfish,@SturgisCVB,@_monumenthealth,@AveraHealth,@BlackHills,@MidwestNPS,@WindCaveNPS,@BadlandsNPS,@CusterStatePark,@SenatorLujan,@josegriffiths,@DSU_BCCCS,@DakotaState,@MeatPoultry,@RepMaryMiller,@LeeSDPB,@SecVilsack,@SenatorCarper,@SenatorHassan,@SenWarren,@SenDuckworth,@SenBooker,@SenCortezMasto,
SenJohnThune,@SenatorTimScott,@SenKevinCramer,@SenRonJohnson,@SenatorRisch,@SenJohnBarrasso,@SenJohnHoeven,@SenMikeLee,@argusleader,@SenatorWicker,@JohnCornyn,@JerryMoran,@ChuckGrassley,@SenatorRounds,@RoyBlunt,@SenatorLankford,@SenJoniErnst,@SenThomTillis,@SenatorEnzi,@SenatorFischer,@senrobportman,@SenJohnKennedy,@MarshaBlackburn,@SteveDaines,@SRCC,@SenTedBuddNC,@SenMullin,@SenVancePress,@RogerMarshallMD,@SenatorHagerty,@SenatorRicketts,@SenEricSchmitt,@SenKatieBritt,@SenLummis,@SenatorTester,@AmuseDemocracy,@StephenBlinco,@Mike_Pence,@HawleyMO,@SenShelby,@SenRickScott,@SenHydeSmith,@JohnBoozman,@SenatorBraun,@BillCassidy,@SenToddYoung,@sendavidperdue,@SenDanSullivan,@VP45,@lisamurkowski,@SenTomCotton,@GoJacksMBB,@LindseyGrahamSC,@SenCoryGardner,@eye_slayer,@uscapitol,@RepDustyJohnson,@paultenhaken,@RWrasse,@AberdeenNews,@Pardoned_Turkey,@KerryBrandenbu1,@josiegfried,@benpershing,,,,,,,,
MarshaBlackburn,@laurenboebert,@SpeakerMcCarthy,@marklevinshow,@Jim_Jordan,@HawleyMO,@SenTedCruz,@NEWSMAX,@TomFitton,@SenJohnKennedy,@DineshDSouza,@MonicaCrowley,@ACTBrigitte,@JesseBWatters,@SarahHuckabee,@RepAndyBiggsAZ,@ChuckGrassley,@RepMattGaetz,@JudgeJeanine,@mattgaetz,@StephenM,@_kingbau,@UNWatch,@HillelNeuer,@DavidM_Friedman,@robertcobrien,@SenatorRicketts,@michaeljknowles,@kevinolearytv,@_brittanylewis,@lafollettepress,@MrWinMarshall,@Riley_Gaines_,@RyanSchmelzFOX,@GillianHTurner,@TulsiGabbard,@StarParker,@SenBlumenthal,@ConservateurMag,@rosiorozco,@MattLeachFox,@TheHannahRay,@SenTedBuddNC,@SenKatieBritt,@DondePlowman,@MLuttrellTX,@mrBobbyBones,@bobbybonesshow,@amber_athey,@kristina_wong,@Caitlyn_Jenner,@Vol_Football,@TGowdySC,@argonzales,@JewishVoice,@TNECD,@StephenMoore,@alexavega,@GiannoCaldwell,@tmsilverman,@LynnFitchAG,@ishapiro,@ZumretErkin,@ajoden40,@ginacarano,@WinsomeSears,@foxnewsnight,@SeanMoran3,@brown_k3,@lizpeek,@PhelimKine,
SenatorHagerty,@MarshaBlackburn,@SenatorTimScott,@SenKevinCramer,@SenTuberville,@SenJohnKennedy,@SenatorBraun,@SenatorLankford,@SenKatieBritt,@RepSteel,@SenJoniErnst,@SenHawleyPress,@RepMarkGreen,@SenJohnThune,@RogerMarshallMD,@SenRonJohnson,@RepHarshbarger,@repkevinhern,@SenatorRomney,@SenBillCassidy,@SenShelby,@SpeakerJohnson,@realKTMcFarland,@BretBaier,@MorganOrtagus,@ClayTravis,@RepublicanStudy,@marklevinshow,@SenatorRicketts,@DCGOP,@NationalDebt,@GLFOP,@AppropsGOP,@FaulknerFocus,@SenTedBuddNC,@Vanderbilt_GR,@StephenM,@tnsecofstate,@JDVance1,@Eric_Schmitt,@MarkwayneMullin,@TedBuddNC,@SenRickScott,@USNationalGuard,@RJC,@unusual_whales,@SteveDaines,@HouseGOP,@RepFrenchHill,@NolensvilleLLB,@michaelgwaltz,@TNChamber,@RepBrianBabin,@JuddPDeere,@IngrahamAngle,@MariaBartiromo,@BPUnion,@AmericaRpts,@henryrodgersdc,@DucksUnlimited,@BillHemmer,@SenLummis,@RepBryanSteil,@CynthiaMLummis,@TNFFAFoundation,@tnffa,,,,,,
JohnCornyn,@NASA,@ChuckGrassley,@SpeakerMcCarthy,@SenTedCruz,@LindseyGrahamSC,@GregAbbott_TX,@MarshaBlackburn,@SenMikeLee,@SenRonJohnson,@SenTomCotton,@HouseGOP,@LeaderMcConnell,@SenateGOP,@RepAndyBiggsAZ,@SenJoniErnst,@RandPaul,@MikeCrapo,@GovAbbott,@SenJohnKennedy,@newtgingrich,@MK_Korinek,@joerogan,@CommunityNotes,@osint_mercury,@ilyasut,@KenHowery,@Join1440,@woj_zaremba,@EylonALevy,@CSLewisInst,@sama,@bobvanderplaats,@ParisHilton,@NATO_ACT,@finland,@miramurati,@triviapotus,@NatGeoMag,@HISTORY,@OpenAI,@gdb,@DovBenShimon,@AbigailShrier,@PaulDysonTX,@HidalgoElect,@RajShahDC,@AdeleScalia,@uaustinorg,@Arnold_Ventures,@GOPMayorsAssn,@Weaponization,@RepTrentKelly,@xai,@FraserNelson,@PaulMSherman,@nathanbenaich,@varun_mathur,@RealRJSanchez,@ylecun,@NEISD,@dannydanon,@Ramireztoons,@TheCalvinCooli1,@Israel_MOD,@LtColRichard,@KilleenISD_,@TxDOTFortWorth,@KatalinNovak_HU,@UT_Civitas,@DrMichaelOren,
SenTedCruz,@NASA,@TuckerCarlson,@GovRonDeSantis,@tedcruz,@marklevinshow,@RandPaul,@benshapiro,@dbongino,@seanhannity,@JesseBWatters,@BreitbartNews,@IngrahamAngle,@MarshaBlackburn,@KellyannePolls,@LindseyGrahamSC,@marcorubio,@GOP,@ChuckGrassley,@SenTuberville,@BrenYoung,@judicialnetwork,@SophieDelquie,@NoahPollak,@SpeakerJohnson,@BillMelugin_,@WarMachineRR,@sagesteele,@USCapitalAccess,@SenBillCassidy,@ComfortablySmug,@Riley_Gaines_,@gekaminsky,@RepEdwards,@RGVPartnership,@SenatorRicketts,@aaron_reitz,@BethanyCS1015,@mamasparkles168,@SenEricSchmitt,@SenTedBuddNC,@macamrtz,@GCPDTexas,@RepTroyNehls,@SenLummis,@repmayraflores,@DarinBMiller,@txvalues,@LeighWolf,@JoeKarwacki,@RepKatCammack,@LeaderMcConnell,@USBPChiefDRT,@ErinMPerrine,@DaveVasquezFL,@cnsnews,@USBPChief,@BPUnion,@TexasVeterans,@USBPChiefRGV,@martinoticias,@CUBADECIDE,@VoCommunism,@rollcall,@MatBest11x,@blckriflecoffee,@RosaMariaPaya,@SteveGuest,@ABCPolitics,@NBCPolitics,,
SenMikeLee,@SenTedCruz,@RandPaul,@ChuckGrassley,@SenatorTimScott,@SenJohnKennedy,@LindseyGrahamSC,@SenTomCotton,@marcorubio,@glennbeck,@SenRonJohnson,@HouseGOP,@newtgingrich,@SenateGOP,@RepAndyBiggsAZ,@DarrellIssa,@DailyCaller,@TGowdySC,@kimguilfoyle,@LeaderMcConnell,@ShannonBream,@SpeakerJohnson,@BillyGribbin,@X,@SenBillCassidy,@SenTuberville,@SenTedBuddNC,@RepChipRoy,@SenKatieBritt,@jordanbpeterson,@arc_forum,@thehistoryguy,@BasedMikeLee,@MattLaslo,@SenRandPaul,@SenRickScott,@SenatorBraun,@SenLummis,@UtahHonorFlight,@elonmusk,@SpeakerMcCarthy,@SenatorSinema,@iamrodneysmith,@WTCUtah,@LGHendersonUtah,@GovCox,@PresidentUofU,@SenatorRomney,@RepChrisStewart,@MorningsMaria,@GRIP6_,@GovMikeLeavitt,@uac29,@Udo_LLC,@MarshaBlackburn,@weldon_angelos,@RepJohnCurtis,@pye,@RepBlakeMoore,@RepBurgessOwens,@StevenStarks,@marthamaccallum,@mschlapp,@Mycroft_US,@AaronTWalker,@JamesRexLee,@kilmeade,@DanScavino,@jasonsjohnson,@PYNance,,
SenatorRomney,@LindseyGrahamSC,@SenJohnKennedy,@SenHawleyPress,@SenKevinCramer,@MarshaBlackburn,@SenatorBraun,@SenAmyKlobuchar,@SenatorCollins,@SenGaryPeters,@Sen_JoeManchin,@SenRonJohnson,@MikeCrapo,@SenEricSchmitt,@SenTuberville,@SenKatieBritt,@SenTomCotton,@SenatorRounds,@SenatorRisch,@SenJoniErnst,@SenJohnHoeven,@realHoustonKnox,@SenatorRicketts,@SenPeterWelch,@SenMullin,@SenVancePress,@SenTedBuddNC,@BradWilsonGOP,@JoelMFerry,@JStuartAdams,@TeamUSA,@RepBlakeMoore,@BLMUtah,@BLMNational,@Interior,@SecDebHaaland,@RepBurgessOwens,@ElectBlakeMoore,@SenAlexPadilla,@SenatorWarnock,@ossoff,@SenatorLujan,@SenMarkKelly,@SenatorHick,@RogerMarshallMD,@SenatorMarshall,@SenLummis,@SenatorHagerty,@GovCox,@LGHendersonUtah,@utahsenate,@MarthaMcSally,@SpencerJCox,@SenatorLoeffler,@RepDanCrenshaw,@RepAnnWagner,@SBAgov,@SmallBizCmteGOP,@EnergyGOP,@GovHerbert,@BenMcAdamsUT,@RepJohnCurtis,@RepChrisStewart,@SecondLady45,@FLOTUS45,@VP45,@POTUS45,,,,,
SenSanders,@NASA,@BernieSanders,@JoeBiden,@AOC,@VP,@BarackObama,@KamalaHarris,@HillaryClinton,@nytimes,@SenWarren,@BillClinton,@SpeakerPelosi,@ewarren,@washingtonpost,@SenSchumer,@RepAdamSchiff,@StephenAtHome,@SenateDems,@alfranken,@NPR,@DavidKlion,@JacobMagid,@lauren_sforza,@Harbpeace,@nicholaswu12,@mattberg33,@gardnerakayla,@AndrewDesiderio,@RepCasar,@RepBeccaB,@NoahKahan,@karavoght,@HassanElTayyab,@mehdirhasan,@nico_ballon,@TheMandyMoore,@SenStabenow,@JeffDean,@DrEricDing,@chamath,@Ansel,@COChicanoJoe,@misstessowen,@DavidPepper,@aimeeallison,@alicesperi,@Ismaelian,@andreasharsono,@DebtCrisisOrg,@WallachLori,@Ryan_Deitsch,@ErinSchrode,@jules_su,@rosadona,@DavoodGhadami,@bdomenech,@maxwelltani,@DeanObeidallah,@caraNYT,@ParisHilton,@rolandsmartin,@ZhugeEX,@ZainNaghmi,@KendallJenner,@ReggieBush,@amandapalmer,@miltosyerolemou,@sarahljaffe,@SanaSaeed,,
SenPeterWelch,@RepMcGovern,@RepJerryNadler,@BeccaBalintVT,@SenBlumenthal,@RepMarkPocan,@vermontedition,@RepVeasey,@RepAndreCarson,@GovPhilScott,@RepDebDingell,@JackThurstonVT,@SenatorLeahy,@RepZoeLofgren,@RepBarbaraLee,@JacksonLeeTX18,@RepDean,@RepDannyDavis,@GerryConnolly,@RepDonaldPayne,@RepCicilline,@USAmbOAS,@USAmbUN,@USEmbassyTurkey,@USEmbassyAthens,@USEmbassySerbia,@AmbasadaSUA,@USEmbassySLO,@USAmbNMacedonia,@USAmbMNE,@USAmbKosovo,@USEmbZagreb,@USEmbassySofia,@USEmbassySJJ,@USAmbAlbania,@usembassyjlm,@USPalAffairs,@usembassyve,@USembassyEC,@usembassyMVD,@laembajada,@EmbassyGuyana,@USEmbassyParbo,@EmbajadaEEUUcl,@EmbajadaEEUUarg,@EmbaixadaEUA,@USEmbassyBogota,@EmbEUAenBolivia,@irclimaperu,@USEmbNicaragua,@USMissionBelize,@usembassysjo,@USEmbassySV,@usembassyhn,@usembassyguate,@USIP,@HarunKarcic,@SenWhitehouse,@SecretaryPete,@CarbonBrief,@georgina_gustin,@partlowj,@maxinejoselow,@DSenFloor,@IfNotNowOrg,@WilsonCenterMEP,@WashInstitute,@TimepDC,@QuincyInst,@jvplive,@WinWithoutWar,
SenTimKaine,@RepMcClellan,@RepJenKiggans,@BobbyScott,@KatieCollettTV,@adriennereports,@matthewtwist14,@nicholaswu12,@HenryGraff,@bresreports,@laurynmossWAVY,@RavenPayneTV,@bluevirginia,@DestiniHarrisTV,@TomWAVYTV,@DaniellaMicaela,@WHSVchelsea,@MichelleWolfTV,@wetzler_jessica,@nmcmullin,@TylerJThrasher,@EricKolenich,@SenateBanking,@AverettU1859,@1025WBTM,@IALR,@BPCAction,@cspan,@Senlaphonza,@InsideWithPsaki,@Acosta,@DSenFloor,@NorthernVAMag,@votevets,@BlueStarFamily,@WTKR3,@aolivo,@MentalHealthAm,@sabrinasingh24,@drbreenheroes,@ThisWeekABC,@VAYDBlackCaucus,@ActSecJulieSu,@NASA_Langley,@CBS6,@fox43news,@WHSVnews,@8NEWS,@VSPPIO,@nbcwashington,@AndyFoxWAVYTV,@NatashaBertrand,@GMUdems,@ElaineLuriaVA,@JenniferBoysko,@VARedCross,@adamlongoTV,@EthanEstremNews,@dhazzTV,@sarahgoode_news,@USAmbHRC,@USAmbUN,@ShalandaYoung46,@DaniDougPost,@PunchbowlNews,@politicoalex,@DanLamothe,@RealJeffSnyder,@HannahAllam,@terri_rupar,@PiedmontVaCC,
MarkWarner,@NASA,@timkaine,@McFaul,@SenBlumenthal,@SenGillibrand,@SenatorDurbin,@AdamSchiff,@SenWhitehouse,@SenFeinstein,@maziehirono,@PattyMurray,@EricHolder,@peterbakernyt,@JohnWDean,@SenDuckworth,@DavidCornDC,@woodruffbets,@ChrisVanHollen,@Fahrenthold,@GenMhayden,@EPAMichaelRegan,@SpeakerJohnson,@SdhAtom,@flyROA,@iamIanMunro,@narendramodi,@washingtonian,@ecrobertson123,@AeroFarms,@RepMcClellan,@_BenLeonard_,@SenFettermanPA,@AmyJacksonVA,@SenKatieBritt,@MrKRudd,@ChefonWheels11,@wmataGM,@PunchbowlNews,@DaniDougPost,@KatieLo42865073,@Kristielou502,@ephoist,@SC_DoUsPart,@SenTimKaine,@TreasuryDepSec,@sequoiastweets,@ATFHQ,@ShalandaYoung46,@BBCHARDtalk,@JamieReports,@Hannah_Dreyfus,@BarbaraComstock,@IsabelCleary,@USUNSpoxOAD,@mo4good,@Surgeon_General,@SenTinaSmith,@VCTACable,@SIfill_,@LIRSorg,@USAmbUN,@KrishVignarajah,@MitchLandrieu46,@CapitolPolice,@SecTransVA,@ProbSolveCaucus,@BRAFB,@kaitlancollins,@ChrisMQuinn,@kristen_mirand,
SenatorCantwell,@NASA,@PattyMurray,@ChrisMurphyCT,@SenWhitehouse,@SenBlumenthal,@maziehirono,@SenatorDurbin,@GovInslee,@SenDuckworth,@SenGaryPeters,@SenatorTester,@SenJeffMerkley,@SenatorCardin,@ChrisVanHollen,@SenFeinstein,@SenBobCasey,@RonWyden,@SenJackReed,@SenAngusKing,@SenSherrodBrown,@EmmaEpperly,@MarchMadnessWBB,@katiecampbellwa,@RepMGP,@WWU_WSoccer,@UWDEOHS,@iduncan,@GPNF,@alley_post,@ComdtUSCG,@POTUS,@bradmwarren,@KHQAvaWainhouse,@WWUbasketball,@CascadiaDaily,@royahegdahl,@scottwongDC,@bresreports,@FranPelayo,@Jenna_VR,@NaomiSavin,@BobbyLRush,@orionds,@peterwtrue,@AnsleyLacitis,@rcohen,@SenatorHick,@RepStricklandWA,@ChelanDouglasHD,@marykbruce,@SenMarkKelly,@clubforfuture,@SeattleKraken,@sarahnferris,@wsbdc,@PhilipRucker,@lewiskamb,@NEDAstaff,@UWGOV,@NAPAWF,@HanfordNews,@RD_WA_STATE,@usdaRD,@AOC,@KenJennings,@TeamGleason,@DOTMARAD,@KONP1450,@RichardTrumka,@scicoalition,
PattyMurray,@NASA,@SenatorCantwell,@SenWarren,@SenBlumenthal,@ChrisMurphyCT,@SenatorDurbin,@SenWhitehouse,@maziehirono,@timkaine,@MarkWarner,@SenDuckworth,@SenFeinstein,@SenGaryPeters,@SenGillibrand,@clairecmc,@SenatorTester,@GovInslee,@SenJackReed,@SenatorBaldwin,@SenJeffMerkley,@Senlaphonza,@waDNR_fire,@pike_place,@WSUCougarWBB,@RepPressley,@waidf,@Puyallup_Tribe,@EPAMichaelRegan,@NASWhidbeyIslan,@SecRaimondo,@SO_Washington,@nwasianweekly,@RepLoisFrankel,@WhipKClark,@RepDebDingell,@mintimm,@aprilr_sims,@Neighborcare,@domesticworkers,@aijenpoo,@RepMGP,@RepStricklandWA,@SenatorLujan,@SASCDems,@SenatorHick,@SenatorWarnock,@SenOssoff,@SFRCdems,@SenPeterWelch,@SenTimKaine,@JudiciaryDems,@SenAlexPadilla,@SenJackyRosen,@SenFettermanPA,@WhiteHouse,@VP,@SecretaryPete,@POTUS,@SenMarkKelly,@realDonaldTrump,@NoamLevey,@HallieJackson,@KatyTurNBC,@gwlauren,@WSU_Cougar_Pres,@446AW,@62AirliftWing,@BobbyScott,@Kaitlin_Knapp1,@petermaxwelltv,
SenCapito,@Sen_JoeManchin,@SenKevinCramer,@SenatorRisch,@JerryMoran,@SenatorFischer,@MikeCrapo,@SenJohnHoeven,@lisamurkowski,@SenJohnBarrasso,@SenatorWicker,@SenThomTillis,@SenatorLankford,@JohnCornyn,@SenJoniErnst,@JohnBoozman,@SenatorCollins,@SenatorEnzi,@SenJohnThune,@WVGovernor,@wvgazettemail,@SenKatieBritt,@WheelingNailers,@FlyCKB,@AmuseDemocracy,@heffnera,@CynthiaMLummis,@SenatorBraun,@MonHealth,@DrGupta46,@WVURNI,@bee_chip,@SenGillibrand,@ahdcoffeeshop,@InnBavarian,@JohnTChambers,@WoodyWilliams45,@AppyLeague,@Go_WhistlePigs,@goridge_runners,@CBP,@SenatorHagerty,@ReshadHudson,@SenatorSinema,@SenatorRounds,@JRosenworcel,@POTUS,@SenTuberville,@AyneAmjad,@NewRiverNPS,@JCCIC,@SenatorRomney,@Upson4WV,@PositivelyWV_,@lunarloral,@WV_DHHR,@WVNationalGuard,@WVHomeland,@BradMcElhinny,@ShaunaJWV,@Counties_of_WV,@HigherEdWV,@TechConnectWV,@ed_gaunch,@SBA_WV,@WVSBDC,@TheJusticeDept,@StateDept,@SecPompeo,@ArmsteadWV,,
JoeManchinIII,@MajLeaderHirono,@AngusKingLMU,@ednotedlmu,@totallytedcruz,@SenAPadillaSim,@KevinCramerGOP,@VeryrealMitch,@kamalaharrissim,@legitJohnCornyn,@senatorthunesd,@TheWashingtonW,@BenjaminSasse22,@potusbiden_46,@realbobmenendez,@SecDebHLMUP,@JonTestersim,@MastoReal,@LisaMurkowskiA,@KrystenSinema1,@KashaniJuliette,@SecretaryFudge1,@daphnessroka,@RandPaulReal,@Sen_JoeManchin,@irltammybaldwin,@IAmTomCotton,@BuickJackson,@lizwarren100,,,,,,,,,,,,,,,,,,,,,,,,,,,,,,,,,,,,,,,,,,,
SenatorBaldwin,@NASA,@GovEvers,@PattyMurray,@ChrisMurphyCT,@SenatorDurbin,@SenWhitehouse,@clairecmc,@MarkWarner,@SenDuckworth,@SenBlumenthal,@SenatorTester,@SenGaryPeters,@maziehirono,@ChrisVanHollen,@SenSherrodBrown,@SenFeinstein,@SenBobCasey,@SenatorCantwell,@RepMarkPocan,@SenMarkey,@USDOT,@SenFettermanPA,@MALC_WI,@morethanmySLE,@WausauPilot,@KeepitMadeinUSA,@RepRobynVining,@1950Granny,@RepSpeier,@NFED_ORG,@JRosenworcelFCC,@realtuffjuice,@Sheri_Swokowski,@MidwestProto,@WeAreGWA,@SCOTUSblogposts,@DemocracyNowUS,@PresLovell,@UFCW,@mulaw,@DrPosleyMPS,@DMorin1,@HuscoIntl,@mupeacemaking,@aemadvisor,@WisconsinDPI,@USDA,@IMakeAmerica,@austin_ramirez,@MKEWaterWorks,@DepSecBronaugh,@AFSCME,@WeRRestaurants,@mainstreetweets,@nowthisnews,@ArcInitiatives,@littlejohnsfood,@ngrimnews,@KuhnNA,@AEMAdvocacy,@MayorOfMadison,@UW_Odyssey,@IBEW,@AccessCHC,@DePere,@BrownWIExec,@SWWDB,@DrJillUnderly,@WomenInTrucking,@MkeCoDHHS,
SenRonJohnson,@NASA,@SpeakerMcCarthy,@ChuckGrassley,@HawleyMO,@MarshaBlackburn,@SenJohnKennedy,@SenTedCruz,@MariaBartiromo,@TheLeoTerrell,@jsolomonReports,@SenTomCotton,@mirandadevine,@JonathanTurley,@RepAndyBiggsAZ,@SenKevinCramer,@LouDobbs,@SteveScalise,@SenMikeLee,@SenatorTimScott,@BuckSexton,@NMRadioisotopes,@SusanYackee,@MikeTobinFox,@JamesStrattonTV,@NewsMacIver,@AndrewCraft,@America250,@ABCNational,@RepNancyMace,@NationalFFA,@ChandlerRebel,@Danny_Jativa,@jaeson_jones,@drscottjensen,@badgerinstitute,@bgalsWI,@AllieJ0308,@JanJekielek,@AverySelby_,@freedomcaucus,@EpochTV,@TravelGov,@JohnCena,@DavidLimbaugh,@jordanbpeterson,@tperkins,@COVIDSelect,@WIFOP,@JDVance1,@Weaponization,@drdrew,@WisTechColleges,@SenKatieBritt,@wisconsin_now,@WisHistory,@GOPoversight,@SenRandPaul,@CharlesBenson4,@RepDanBishop,@SenTedBuddNC,@SenMullin,@LTCTheresaLong,@RepJamesComer,@bgmasters,@AlecDZimmerman,@LevineJonathan,@TPUSA,@Kurt_R_Bauer,@henryrodgersdc,@TLABeloit,
SenJohnBarrasso,@MikeCrapo,@SenatorRisch,@SenatorEnzi,@SenJohnHoeven,@JerryMoran,@SenatorWicker,@SenatorFischer,@ChuckGrassley,@JohnBoozman,@SenKevinCramer,@RoyBlunt,@SenMikeLee,@SenRonJohnson,@SenThomTillis,@SenJohnThune,@SenatorCollins,@SenAlexander,@lisamurkowski,@SenPatRoberts,@SenatorLankford,@SpeakerJohnson,@wyo_football,@AWRHawkins,@TGowdySC,@GowdyAmerica,@Wyo_Roundup,@WYOENERGY,@PAWyoming,@SenateAgGOP,@kwelkernbc,@SenHawleyPress,@SenTuberville,@BankingGOP,@RogerMarshallMD,@SenatorRicketts,@WCCA1,@WYHealthFairs,@RepHageman,@TedBuddNC,@SenKatieBritt,@JDVance1,@SenEricSchmitt,@SenMullin,@uw_law,@arappeport,@BillMelugin_,@johnrobertsFox,@tracegallagher,@TylerOlson1791,@LucasFoxNews,@aishahhasnie,@LastCallCNBC,@SenatorHagerty,@HoustonKeene,@DarianDudrick,@daily_cowboy,@Sheridan_Press,@KThomasDC,@WyomingITC,@SenFinance,@CynthiaMLummis,@RobWallace_FWP,@LindseyGrahamSC,@WY_StockGrowers,@NCSDPathways,@oilcitywyo,@SBA_Wyoming,@SenatorLoeffler,@USFWS,@WGFD,
SenLummis,@GaryGensler,@jackmallers,@cameron,@PatrickMcHenry,@RepMikeRogersAL,@SenKevinCramer,@congbillposey,@CongressmanGT,@CynthiaMLummis,@GOPMajorityWhip,@WarrenDavidson,@RobWittman,@RepMcClintock,@SpeakerMcCarthy,@SenEricSchmitt,@SenTuberville,@SenatorBraun,@SenKatieBritt,@HouseGOP,@AngusThuermer,@coinbase,@nic__carter,@PeterMcCormack,@ZachKraft7,@MariaBartiromo,@NationalMining,@@NationalMining,@RSI,@aga_naturalgas,@RepHageman,@SenMullin,@JDVance1,@SenVancePress,@Mark_Gordon_WY,@saylor,@CRESenergy,@crypto_council,@cjboxauthor,@Jenniferisms,@jesseahamilton,@kevinolearytv,@ElizLanders,@RepBice,@BloombergLive,@MacWatson,@DigAssetMarkets,@allyversprille,@lukaske,@SenGillibrand,@SuzYoungblood,@FoxBusiness,@FugateValeria,@daily_cowboy,@kelly_laco,@POLITICOLive,@gillibrandny,@YellowstoneNPS,@DarinBMiller,@OrrinHatch,@SenatorWicker,@RepCuellar,@ExposingBiden,@AAF,@RepLaHood,@RepBalderson,@SenThomTillis,@Gracie_Foulk,@amacker,,,
