Office,Office链接,Name,Party
U.S. House Alabama District 1,https://ballotpedia.org/Alabama's_1st_Congressional_District,Jerry Carl,Republican
U.S. House Alabama District 2,https://ballotpedia.org/Alabama's_2nd_Congressional_District,Barry Moore,Republican
U.S. House Alabama District 3,https://ballotpedia.org/Alabama's_3rd_Congressional_District,Mike Rogers,Republican
U.S. House Alabama District 4,https://ballotpedia.org/Alabama's_4th_Congressional_District,Robert Aderholt,Republican
U.S. House Alabama District 5,https://ballotpedia.org/Alabama's_5th_Congressional_District,Dale Strong,Republican
U.S. House Alabama District 6,https://ballotpedia.org/Alabama's_6th_Congressional_District,Gary Palmer,Republican
U.S. House Alabama District 7,https://ballotpedia.org/Alabama's_7th_Congressional_District,Terri Sewell,Democratic
U.S. House Alaska At-large District,https://ballotpedia.org/Alaska's_At-Large_Congressional_District,Mary Peltola,Democratic
U.S. House American Samoa At-large District,https://ballotpedia.org/American_Samoa%27s_At-Large_Congressional_District,Aumua Amata Radewagen,Republican
U.S. House Arizona District 1,https://ballotpedia.org/Arizona's_1st_Congressional_District,David Schweikert,Republican
U.S. House Arizona District 2,https://ballotpedia.org/Arizona's_2nd_Congressional_District,Eli Crane,Republican
U.S. House Arizona District 3,https://ballotpedia.org/Arizona's_3rd_Congressional_District,Ruben Gallego,Democratic
U.S. House Arizona District 4,https://ballotpedia.org/Arizona's_4th_Congressional_District,Greg Stanton,Democratic
U.S. House Arizona District 5,https://ballotpedia.org/Arizona's_5th_Congressional_District,Andy Biggs,Republican
U.S. House Arizona District 6,https://ballotpedia.org/Arizona's_6th_Congressional_District,Juan Ciscomani,Republican
U.S. House Arizona District 7,https://ballotpedia.org/Arizona's_7th_Congressional_District,Raúl Grijalva,Democratic
U.S. House Arizona District 8,https://ballotpedia.org/Arizona's_8th_Congressional_District,Debbie Lesko,Republican
U.S. House Arizona District 9,https://ballotpedia.org/Arizona's_9th_Congressional_District,Paul Gosar,Republican
U.S. House Arkansas District 1,https://ballotpedia.org/Arkansas'_1st_Congressional_District,Rick Crawford,Republican
U.S. House Arkansas District 2,https://ballotpedia.org/Arkansas'_2nd_Congressional_District,French Hill,Republican
U.S. House Arkansas District 3,https://ballotpedia.org/Arkansas'_3rd_Congressional_District,Steve Womack,Republican
U.S. House Arkansas District 4,https://ballotpedia.org/Arkansas'_4th_Congressional_District,Bruce Westerman,Republican
U.S. House California District 1,https://ballotpedia.org/California's_1st_Congressional_District,Doug LaMalfa,Republican
U.S. House California District 2,https://ballotpedia.org/California's_2nd_Congressional_District,Jared Huffman,Democratic
U.S. House California District 3,https://ballotpedia.org/California's_3rd_Congressional_District,Kevin Kiley,Republican
U.S. House California District 4,https://ballotpedia.org/California's_4th_Congressional_District,Mike Thompson,Democratic
U.S. House California District 5,https://ballotpedia.org/California's_5th_Congressional_District,Tom McClintock,Republican
U.S. House California District 6,https://ballotpedia.org/California's_6th_Congressional_District,Ami Bera,Democratic
U.S. House California District 7,https://ballotpedia.org/California's_7th_Congressional_District,Doris Matsui,Democratic
U.S. House California District 8,https://ballotpedia.org/California's_8th_Congressional_District,John Garamendi,Democratic
U.S. House California District 9,https://ballotpedia.org/California's_9th_Congressional_District,Josh Harder,Democratic
U.S. House California District 10,https://ballotpedia.org/California's_10th_Congressional_District,Mark DeSaulnier,Democratic
U.S. House California District 11,https://ballotpedia.org/California's_11th_Congressional_District,Nancy Pelosi,Democratic
U.S. House California District 12,https://ballotpedia.org/California's_12th_Congressional_District,Barbara Lee,Democratic
U.S. House California District 13,https://ballotpedia.org/California's_13th_Congressional_District,John Duarte,Republican
U.S. House California District 14,https://ballotpedia.org/California's_14th_Congressional_District,Eric Swalwell,Democratic
U.S. House California District 15,https://ballotpedia.org/California's_15th_Congressional_District,Kevin Mullin,Democratic
U.S. House California District 16,https://ballotpedia.org/California's_16th_Congressional_District,Anna Eshoo,Democratic
U.S. House California District 17,https://ballotpedia.org/California's_17th_Congressional_District,Ro Khanna,Democratic
U.S. House California District 18,https://ballotpedia.org/California's_18th_Congressional_District,Zoe Lofgren,Democratic
U.S. House California District 19,https://ballotpedia.org/California's_19th_Congressional_District,Jimmy Panetta,Democratic
U.S. House California District 20,https://ballotpedia.org/California's_20th_Congressional_District,Kevin McCarthy,Republican
U.S. House California District 21,https://ballotpedia.org/California's_21st_Congressional_District,Jim Costa,Democratic
U.S. House California District 22,https://ballotpedia.org/California's_22nd_Congressional_District,David G. Valadao,Republican
U.S. House California District 23,https://ballotpedia.org/California's_23rd_Congressional_District,Jay Obernolte,Republican
U.S. House California District 24,https://ballotpedia.org/California's_24th_Congressional_District,Salud Carbajal,Democratic
U.S. House California District 25,https://ballotpedia.org/California's_25th_Congressional_District,Raul Ruiz,Democratic
U.S. House California District 26,https://ballotpedia.org/California's_26th_Congressional_District,Julia Brownley,Democratic
U.S. House California District 27,https://ballotpedia.org/California's_27th_Congressional_District,Mike Garcia,Republican
U.S. House California District 28,https://ballotpedia.org/California's_28th_Congressional_District,Judy Chu,Democratic
U.S. House California District 29,https://ballotpedia.org/California's_29th_Congressional_District,Tony Cárdenas,Democratic
U.S. House California District 30,https://ballotpedia.org/California's_30th_Congressional_District,Adam Schiff,Democratic
U.S. House California District 31,https://ballotpedia.org/California's_31st_Congressional_District,Grace Napolitano,Democratic
U.S. House California District 32,https://ballotpedia.org/California's_32nd_Congressional_District,Brad Sherman,Democratic
U.S. House California District 33,https://ballotpedia.org/California's_33rd_Congressional_District,Pete Aguilar,Democratic
U.S. House California District 34,https://ballotpedia.org/California's_34th_Congressional_District,Jimmy Gomez,Democratic
U.S. House California District 35,https://ballotpedia.org/California's_35th_Congressional_District,Norma Torres,Democratic
U.S. House California District 36,https://ballotpedia.org/California's_36th_Congressional_District,Ted Lieu,Democratic
U.S. House California District 37,https://ballotpedia.org/California's_37th_Congressional_District,Sydney Kamlager,Democratic
U.S. House California District 38,https://ballotpedia.org/California's_38th_Congressional_District,Linda Sánchez,Democratic
U.S. House California District 39,https://ballotpedia.org/California's_39th_Congressional_District,Mark Takano,Democratic
U.S. House California District 40,https://ballotpedia.org/California's_40th_Congressional_District,Young Kim,Republican
U.S. House California District 41,https://ballotpedia.org/California's_41st_Congressional_District,Ken Calvert,Republican
U.S. House California District 42,https://ballotpedia.org/California's_42nd_Congressional_District,Robert Garcia,Democratic
U.S. House California District 43,https://ballotpedia.org/California's_43rd_Congressional_District,Maxine Waters,Democratic
U.S. House California District 44,https://ballotpedia.org/California's_44th_Congressional_District,Nanette Barragán,Democratic
U.S. House California District 45,https://ballotpedia.org/California's_45th_Congressional_District,Michelle Steel,Republican
U.S. House California District 46,https://ballotpedia.org/California's_46th_Congressional_District,Lou Correa,Democratic
U.S. House California District 47,https://ballotpedia.org/California's_47th_Congressional_District,Katie Porter,Democratic
U.S. House California District 48,https://ballotpedia.org/California's_48th_Congressional_District,Darrell Issa,Republican
U.S. House California District 49,https://ballotpedia.org/California's_49th_Congressional_District,Mike Levin,Democratic
U.S. House California District 50,https://ballotpedia.org/California's_50th_Congressional_District,Scott Peters,Democratic
U.S. House California District 51,https://ballotpedia.org/California's_51st_Congressional_District,Sara Jacobs,Democratic
U.S. House California District 52,https://ballotpedia.org/California's_52nd_Congressional_District,Juan Vargas,Democratic
U.S. House Colorado District 1,https://ballotpedia.org/Colorado's_1st_Congressional_District,Diana DeGette,Democratic
U.S. House Colorado District 2,https://ballotpedia.org/Colorado's_2nd_Congressional_District,Joe Neguse,Democratic
U.S. House Colorado District 3,https://ballotpedia.org/Colorado's_3rd_Congressional_District,Lauren Boebert,Republican
U.S. House Colorado District 4,https://ballotpedia.org/Colorado's_4th_Congressional_District,Ken Buck,Republican
U.S. House Colorado District 5,https://ballotpedia.org/Colorado's_5th_Congressional_District,Doug Lamborn,Republican
U.S. House Colorado District 6,https://ballotpedia.org/Colorado's_6th_Congressional_District,Jason Crow,Democratic
U.S. House Colorado District 7,https://ballotpedia.org/Colorado's_7th_Congressional_District,Brittany Pettersen,Democratic
U.S. House Colorado District 8,https://ballotpedia.org/Colorado's_8th_Congressional_District,Yadira Caraveo,Democratic
U.S. House Connecticut District 1,https://ballotpedia.org/Connecticut's_1st_Congressional_District,John Larson,Democratic
U.S. House Connecticut District 2,https://ballotpedia.org/Connecticut's_2nd_Congressional_District,Joe Courtney,Democratic
U.S. House Connecticut District 3,https://ballotpedia.org/Connecticut's_3rd_Congressional_District,Rosa L. DeLauro,Democratic
U.S. House Connecticut District 4,https://ballotpedia.org/Connecticut's_4th_Congressional_District,Jim Himes,Democratic
U.S. House Connecticut District 5,https://ballotpedia.org/Connecticut's_5th_Congressional_District,Jahana Hayes,Democratic
U.S. House Delaware At-large District,https://ballotpedia.org/Delaware's_At-Large_Congressional_District,Lisa Blunt Rochester,Democratic
U.S. House Florida District 1,https://ballotpedia.org/Florida's_1st_Congressional_District,Matt Gaetz,Republican
U.S. House Florida District 2,https://ballotpedia.org/Florida's_2nd_Congressional_District,Neal Dunn,Republican
U.S. House Florida District 3,https://ballotpedia.org/Florida's_3rd_Congressional_District,Kat Cammack,Republican
U.S. House Florida District 4,https://ballotpedia.org/Florida's_4th_Congressional_District,Aaron Bean,Republican
U.S. House Florida District 5,https://ballotpedia.org/Florida's_5th_Congressional_District,John Rutherford,Republican
U.S. House Florida District 6,https://ballotpedia.org/Florida's_6th_Congressional_District,Michael Waltz,Republican
U.S. House Florida District 7,https://ballotpedia.org/Florida's_7th_Congressional_District,Cory Mills,Republican
U.S. House Florida District 8,https://ballotpedia.org/Florida's_8th_Congressional_District,Bill Posey,Republican
U.S. House Florida District 9,https://ballotpedia.org/Florida's_9th_Congressional_District,Darren Soto,Democratic
U.S. House Florida District 10,https://ballotpedia.org/Florida's_10th_Congressional_District,Maxwell Alejandro Frost,Democratic
U.S. House Florida District 11,https://ballotpedia.org/Florida's_11th_Congressional_District,Daniel Webster,Republican
U.S. House Florida District 12,https://ballotpedia.org/Florida's_12th_Congressional_District,Gus M. Bilirakis,Republican
U.S. House Florida District 13,https://ballotpedia.org/Florida's_13th_Congressional_District,Anna Paulina Luna,Republican
U.S. House Florida District 14,https://ballotpedia.org/Florida's_14th_Congressional_District,Kathy Castor,Democratic
U.S. House Florida District 15,https://ballotpedia.org/Florida's_15th_Congressional_District,Laurel Lee,Republican
U.S. House Florida District 16,https://ballotpedia.org/Florida's_16th_Congressional_District,Vern Buchanan,Republican
U.S. House Florida District 17,https://ballotpedia.org/Florida's_17th_Congressional_District,Greg Steube,Republican
U.S. House Florida District 18,https://ballotpedia.org/Florida's_18th_Congressional_District,Scott Franklin,Republican
U.S. House Florida District 19,https://ballotpedia.org/Florida's_19th_Congressional_District,Byron Donalds,Republican
U.S. House Florida District 20,https://ballotpedia.org/Florida's_20th_Congressional_District,Sheila Cherfilus-McCormick,Democratic
U.S. House Florida District 21,https://ballotpedia.org/Florida's_21st_Congressional_District,Brian Mast,Republican
U.S. House Florida District 22,https://ballotpedia.org/Florida's_22nd_Congressional_District,Lois Frankel,Democratic
U.S. House Florida District 23,https://ballotpedia.org/Florida's_23rd_Congressional_District,Jared Evan Moskowitz,Democratic
U.S. House Florida District 24,https://ballotpedia.org/Florida's_24th_Congressional_District,Frederica S. Wilson,Democratic
U.S. House Florida District 25,https://ballotpedia.org/Florida's_25th_Congressional_District,Debbie Wasserman Schultz,Democratic
U.S. House Florida District 26,https://ballotpedia.org/Florida's_26th_Congressional_District,Mario Diaz-Balart,Republican
U.S. House Florida District 27,https://ballotpedia.org/Florida's_27th_Congressional_District,Maria Elvira Salazar,Republican
U.S. House Florida District 28,https://ballotpedia.org/Florida's_28th_Congressional_District,Carlos Gimenez,Republican
U.S. House Georgia District 1,https://ballotpedia.org/Georgia's_1st_Congressional_District,Earl Carter,Republican
U.S. House Georgia District 2,https://ballotpedia.org/Georgia's_2nd_Congressional_District,Sanford Bishop Jr.,Democratic
U.S. House Georgia District 3,https://ballotpedia.org/Georgia's_3rd_Congressional_District,Drew Ferguson,Republican
U.S. House Georgia District 4,https://ballotpedia.org/Georgia's_4th_Congressional_District,Hank Johnson,Democratic
U.S. House Georgia District 5,https://ballotpedia.org/Georgia's_5th_Congressional_District,Nikema Williams,Democratic
U.S. House Georgia District 6,https://ballotpedia.org/Georgia's_6th_Congressional_District,Rich McCormick,Republican
U.S. House Georgia District 7,https://ballotpedia.org/Georgia's_7th_Congressional_District,Lucy McBath,Democratic
U.S. House Georgia District 8,https://ballotpedia.org/Georgia's_8th_Congressional_District,Austin Scott,Republican
U.S. House Georgia District 9,https://ballotpedia.org/Georgia's_9th_Congressional_District,Andrew Clyde,Republican
U.S. House Georgia District 10,https://ballotpedia.org/Georgia's_10th_Congressional_District,Mike Collins,Republican
U.S. House Georgia District 11,https://ballotpedia.org/Georgia's_11th_Congressional_District,Barry Loudermilk,Republican
U.S. House Georgia District 12,https://ballotpedia.org/Georgia's_12th_Congressional_District,Rick Allen,Republican
U.S. House Georgia District 13,https://ballotpedia.org/Georgia's_13th_Congressional_District,David Scott,Democratic
U.S. House Georgia District 14,https://ballotpedia.org/Georgia's_14th_Congressional_District,Marjorie Taylor Greene,Republican
U.S. House Guam At-large District,https://ballotpedia.org/Guam%27s_At-Large_Congressional_District,James Moylan,Republican
U.S. House Hawaii District 1,https://ballotpedia.org/Hawaii's_1st_Congressional_District,Ed Case,Democratic
U.S. House Hawaii District 2,https://ballotpedia.org/Hawaii's_2nd_Congressional_District,Jill Tokuda,Democratic
U.S. House Idaho District 1,https://ballotpedia.org/Idaho's_1st_Congressional_District,Russ Fulcher,Republican
U.S. House Idaho District 2,https://ballotpedia.org/Idaho's_2nd_Congressional_District,Michael K. Simpson,Republican
U.S. House Illinois District 1,https://ballotpedia.org/Illinois'_1st_Congressional_District,Jonathan Jackson,Democratic
U.S. House Illinois District 2,https://ballotpedia.org/Illinois'_2nd_Congressional_District,Robin Kelly,Democratic
U.S. House Illinois District 3,https://ballotpedia.org/Illinois'_3rd_Congressional_District,Delia Ramirez,Democratic
U.S. House Illinois District 4,https://ballotpedia.org/Illinois'_4th_Congressional_District,Jesus Garcia,Democratic
U.S. House Illinois District 5,https://ballotpedia.org/Illinois'_5th_Congressional_District,Mike Quigley,Democratic
U.S. House Illinois District 6,https://ballotpedia.org/Illinois'_6th_Congressional_District,Sean Casten,Democratic
U.S. House Illinois District 7,https://ballotpedia.org/Illinois'_7th_Congressional_District,Danny K. Davis,Democratic
U.S. House Illinois District 8,https://ballotpedia.org/Illinois'_8th_Congressional_District,Raja Krishnamoorthi,Democratic
U.S. House Illinois District 9,https://ballotpedia.org/Illinois'_9th_Congressional_District,Jan Schakowsky,Democratic
U.S. House Illinois District 10,https://ballotpedia.org/Illinois'_10th_Congressional_District,Brad Schneider,Democratic
U.S. House Illinois District 11,https://ballotpedia.org/Illinois'_11th_Congressional_District,Bill Foster,Democratic
U.S. House Illinois District 12,https://ballotpedia.org/Illinois'_12th_Congressional_District,Mike Bost,Republican
U.S. House Illinois District 13,https://ballotpedia.org/Illinois'_13th_Congressional_District,Nikki Budzinski,Democratic
U.S. House Illinois District 14,https://ballotpedia.org/Illinois'_14th_Congressional_District,Lauren Underwood,Democratic
U.S. House Illinois District 15,https://ballotpedia.org/Illinois'_15th_Congressional_District,Mary Miller,Republican
U.S. House Illinois District 16,https://ballotpedia.org/Illinois'_16th_Congressional_District,Darin LaHood,Republican
U.S. House Illinois District 17,https://ballotpedia.org/Illinois'_17th_Congressional_District,Eric Sorensen,Democratic
U.S. House Indiana District 1,https://ballotpedia.org/Indiana's_1st_Congressional_District,Frank Mrvan,Democratic
U.S. House Indiana District 2,https://ballotpedia.org/Indiana's_2nd_Congressional_District,Rudy Yakym,Republican
U.S. House Indiana District 3,https://ballotpedia.org/Indiana's_3rd_Congressional_District,Jim Banks,Republican
U.S. House Indiana District 4,https://ballotpedia.org/Indiana's_4th_Congressional_District,Jim Baird,Republican
U.S. House Indiana District 5,https://ballotpedia.org/Indiana's_5th_Congressional_District,Victoria Spartz,Republican
U.S. House Indiana District 6,https://ballotpedia.org/Indiana's_6th_Congressional_District,Greg Pence,Republican
U.S. House Indiana District 7,https://ballotpedia.org/Indiana's_7th_Congressional_District,André Carson,Democratic
U.S. House Indiana District 8,https://ballotpedia.org/Indiana's_8th_Congressional_District,Larry Bucshon,Republican
U.S. House Indiana District 9,https://ballotpedia.org/Indiana's_9th_Congressional_District,Erin Houchin,Republican
U.S. House Iowa District 1,https://ballotpedia.org/Iowa's_1st_Congressional_District,Mariannette Miller-Meeks,Republican
U.S. House Iowa District 2,https://ballotpedia.org/Iowa's_2nd_Congressional_District,Ashley Hinson,Republican
U.S. House Iowa District 3,https://ballotpedia.org/Iowa's_3rd_Congressional_District,Zach Nunn,Republican
U.S. House Iowa District 4,https://ballotpedia.org/Iowa's_4th_Congressional_District,Randy Feenstra,Republican
U.S. House Kansas District 1,https://ballotpedia.org/Kansas'_1st_Congressional_District,Tracey Mann,Republican
U.S. House Kansas District 2,https://ballotpedia.org/Kansas'_2nd_Congressional_District,Jacob LaTurner,Republican
U.S. House Kansas District 3,https://ballotpedia.org/Kansas'_3rd_Congressional_District,Sharice Davids,Democratic
U.S. House Kansas District 4,https://ballotpedia.org/Kansas'_4th_Congressional_District,Ron Estes,Republican
U.S. House Kentucky District 1,https://ballotpedia.org/Kentucky's_1st_Congressional_District,James Comer Jr.,Republican
U.S. House Kentucky District 2,https://ballotpedia.org/Kentucky's_2nd_Congressional_District,Brett Guthrie,Republican
U.S. House Kentucky District 3,https://ballotpedia.org/Kentucky's_3rd_Congressional_District,Morgan McGarvey,Democratic
U.S. House Kentucky District 4,https://ballotpedia.org/Kentucky's_4th_Congressional_District,Thomas Massie,Republican
U.S. House Kentucky District 5,https://ballotpedia.org/Kentucky's_5th_Congressional_District,Hal Rogers,Republican
U.S. House Kentucky District 6,https://ballotpedia.org/Kentucky's_6th_Congressional_District,Andy Barr,Republican
U.S. House Louisiana District 1,https://ballotpedia.org/Louisiana's_1st_Congressional_District,Steve Scalise,Republican
U.S. House Louisiana District 2,https://ballotpedia.org/Louisiana's_2nd_Congressional_District,Troy Carter,Democratic
U.S. House Louisiana District 3,https://ballotpedia.org/Louisiana's_3rd_Congressional_District,Clay Higgins,Republican
U.S. House Louisiana District 4,https://ballotpedia.org/Louisiana's_4th_Congressional_District,Mike Johnson,Republican
U.S. House Louisiana District 5,https://ballotpedia.org/Louisiana's_5th_Congressional_District,Julia Letlow,Republican
U.S. House Louisiana District 6,https://ballotpedia.org/Louisiana's_6th_Congressional_District,Garret Graves,Republican
U.S. House Maine District 1,https://ballotpedia.org/Maine's_1st_Congressional_District,Chellie Pingree,Democratic
U.S. House Maine District 2,https://ballotpedia.org/Maine's_2nd_Congressional_District,Jared Golden,Democratic
U.S. House Maryland District 1,https://ballotpedia.org/Maryland's_1st_Congressional_District,Andrew Harris,Republican
U.S. House Maryland District 2,https://ballotpedia.org/Maryland's_2nd_Congressional_District,Dutch Ruppersberger,Democratic
U.S. House Maryland District 3,https://ballotpedia.org/Maryland's_3rd_Congressional_District,John Sarbanes,Democratic
U.S. House Maryland District 4,https://ballotpedia.org/Maryland's_4th_Congressional_District,Glenn Ivey,Democratic
U.S. House Maryland District 5,https://ballotpedia.org/Maryland's_5th_Congressional_District,Steny Hoyer,Democratic
U.S. House Maryland District 6,https://ballotpedia.org/Maryland's_6th_Congressional_District,David Trone,Democratic
U.S. House Maryland District 7,https://ballotpedia.org/Maryland's_7th_Congressional_District,Kweisi Mfume,Democratic
U.S. House Maryland District 8,https://ballotpedia.org/Maryland's_8th_Congressional_District,Jamie Raskin,Democratic
U.S. House Massachusetts District 1,https://ballotpedia.org/Massachusetts'_1st_Congressional_District,Richard Neal,Democratic
U.S. House Massachusetts District 2,https://ballotpedia.org/Massachusetts'_2nd_Congressional_District,Jim McGovern,Democratic
U.S. House Massachusetts District 3,https://ballotpedia.org/Massachusetts'_3rd_Congressional_District,Lori Trahan,Democratic
U.S. House Massachusetts District 4,https://ballotpedia.org/Massachusetts'_4th_Congressional_District,Jake Auchincloss,Democratic
U.S. House Massachusetts District 5,https://ballotpedia.org/Massachusetts'_5th_Congressional_District,Katherine Clark,Democratic
U.S. House Massachusetts District 6,https://ballotpedia.org/Massachusetts'_6th_Congressional_District,Seth Moulton,Democratic
U.S. House Massachusetts District 7,https://ballotpedia.org/Massachusetts'_7th_Congressional_District,Ayanna Pressley,Democratic
U.S. House Massachusetts District 8,https://ballotpedia.org/Massachusetts'_8th_Congressional_District,Stephen Lynch,Democratic
U.S. House Massachusetts District 9,https://ballotpedia.org/Massachusetts'_9th_Congressional_District,Bill Keating,Democratic
U.S. House Michigan District 1,https://ballotpedia.org/Michigan's_1st_Congressional_District,Jack Bergman,Republican
U.S. House Michigan District 2,https://ballotpedia.org/Michigan's_2nd_Congressional_District,John Moolenaar,Republican
U.S. House Michigan District 3,https://ballotpedia.org/Michigan's_3rd_Congressional_District,Hillary Scholten,Democratic
U.S. House Michigan District 4,https://ballotpedia.org/Michigan's_4th_Congressional_District,Bill Huizenga,Republican
U.S. House Michigan District 5,https://ballotpedia.org/Michigan's_5th_Congressional_District,Tim Walberg,Republican
U.S. House Michigan District 6,https://ballotpedia.org/Michigan's_6th_Congressional_District,Debbie Dingell,Democratic
U.S. House Michigan District 7,https://ballotpedia.org/Michigan's_7th_Congressional_District,Elissa Slotkin,Democratic
U.S. House Michigan District 8,https://ballotpedia.org/Michigan's_8th_Congressional_District,Dan Kildee,Democratic
U.S. House Michigan District 9,https://ballotpedia.org/Michigan's_9th_Congressional_District,Lisa McClain,Republican
U.S. House Michigan District 10,https://ballotpedia.org/Michigan's_10th_Congressional_District,John James,Republican
U.S. House Michigan District 11,https://ballotpedia.org/Michigan's_11th_Congressional_District,Haley Stevens,Democratic
U.S. House Michigan District 12,https://ballotpedia.org/Michigan's_12th_Congressional_District,Rashida Tlaib,Democratic
U.S. House Michigan District 13,https://ballotpedia.org/Michigan's_13th_Congressional_District,Shri Thanedar,Democratic
U.S. House Minnesota District 1,https://ballotpedia.org/Minnesota's_1st_Congressional_District,Brad Finstad,Republican
U.S. House Minnesota District 2,https://ballotpedia.org/Minnesota's_2nd_Congressional_District,Angie Craig,Democratic
U.S. House Minnesota District 3,https://ballotpedia.org/Minnesota's_3rd_Congressional_District,Dean Phillips,Democratic
U.S. House Minnesota District 4,https://ballotpedia.org/Minnesota's_4th_Congressional_District,Betty McCollum,Democratic
U.S. House Minnesota District 5,https://ballotpedia.org/Minnesota's_5th_Congressional_District,Ilhan Omar,Democratic
U.S. House Minnesota District 6,https://ballotpedia.org/Minnesota's_6th_Congressional_District,Tom Emmer,Republican
U.S. House Minnesota District 7,https://ballotpedia.org/Minnesota's_7th_Congressional_District,Michelle Fischbach,Republican
U.S. House Minnesota District 8,https://ballotpedia.org/Minnesota's_8th_Congressional_District,Pete Stauber,Republican
U.S. House Mississippi District 1,https://ballotpedia.org/Mississippi's_1st_Congressional_District,Trent Kelly,Republican
U.S. House Mississippi District 2,https://ballotpedia.org/Mississippi's_2nd_Congressional_District,Bennie Thompson,Democratic
U.S. House Mississippi District 3,https://ballotpedia.org/Mississippi's_3rd_Congressional_District,Michael Guest,Republican
U.S. House Mississippi District 4,https://ballotpedia.org/Mississippi's_4th_Congressional_District,Mike Ezell,Republican
U.S. House Missouri District 1,https://ballotpedia.org/Missouri's_1st_Congressional_District,Cori Bush,Democratic
U.S. House Missouri District 2,https://ballotpedia.org/Missouri's_2nd_Congressional_District,Ann Wagner,Republican
U.S. House Missouri District 3,https://ballotpedia.org/Missouri's_3rd_Congressional_District,Blaine Luetkemeyer,Republican
U.S. House Missouri District 4,https://ballotpedia.org/Missouri's_4th_Congressional_District,Mark Alford,Republican
U.S. House Missouri District 5,https://ballotpedia.org/Missouri's_5th_Congressional_District,Emanuel Cleaver,Democratic
U.S. House Missouri District 6,https://ballotpedia.org/Missouri's_6th_Congressional_District,Sam Graves,Republican
U.S. House Missouri District 7,https://ballotpedia.org/Missouri's_7th_Congressional_District,Eric Burlison,Republican
U.S. House Missouri District 8,https://ballotpedia.org/Missouri's_8th_Congressional_District,Jason Smith,Republican
U.S. House Montana District 1,https://ballotpedia.org/Montana's_1st_Congressional_District,Ryan Zinke,Republican
U.S. House Montana District 2,https://ballotpedia.org/Montana's_2nd_Congressional_District,Matt Rosendale,Republican
U.S. House Nebraska District 1,https://ballotpedia.org/Nebraska's_1st_Congressional_District,Mike Flood,Republican
U.S. House Nebraska District 2,https://ballotpedia.org/Nebraska's_2nd_Congressional_District,Don Bacon,Republican
U.S. House Nebraska District 3,https://ballotpedia.org/Nebraska's_3rd_Congressional_District,Adrian Smith,Republican
U.S. House Nevada District 1,https://ballotpedia.org/Nevada's_1st_Congressional_District,Dina Titus,Democratic
U.S. House Nevada District 2,https://ballotpedia.org/Nevada's_2nd_Congressional_District,Mark Amodei,Republican
U.S. House Nevada District 3,https://ballotpedia.org/Nevada's_3rd_Congressional_District,Susie Lee,Democratic
U.S. House Nevada District 4,https://ballotpedia.org/Nevada's_4th_Congressional_District,Steven Horsford,Democratic
U.S. House New Hampshire District 1,https://ballotpedia.org/New_Hampshire's_1st_Congressional_District,Chris Pappas,Democratic
U.S. House New Hampshire District 2,https://ballotpedia.org/New_Hampshire's_2nd_Congressional_District,Annie Kuster,Democratic
U.S. House New Jersey District 1,https://ballotpedia.org/New_Jersey's_1st_Congressional_District,Donald Norcross,Democratic
U.S. House New Jersey District 2,https://ballotpedia.org/New_Jersey's_2nd_Congressional_District,Jeff Van Drew,Republican
U.S. House New Jersey District 3,https://ballotpedia.org/New_Jersey's_3rd_Congressional_District,Andrew Kim,Democratic
U.S. House New Jersey District 4,https://ballotpedia.org/New_Jersey's_4th_Congressional_District,Chris Smith,Republican
U.S. House New Jersey District 5,https://ballotpedia.org/New_Jersey's_5th_Congressional_District,Josh Gottheimer,Democratic
U.S. House New Jersey District 6,https://ballotpedia.org/New_Jersey's_6th_Congressional_District,Frank Pallone Jr.,Democratic
U.S. House New Jersey District 7,https://ballotpedia.org/New_Jersey's_7th_Congressional_District,Thomas Kean Jr.,Republican
U.S. House New Jersey District 8,https://ballotpedia.org/New_Jersey's_8th_Congressional_District,Robert Menendez Jr.,Democratic
U.S. House New Jersey District 9,https://ballotpedia.org/New_Jersey's_9th_Congressional_District,Bill Pascrell,Democratic
U.S. House New Jersey District 10,https://ballotpedia.org/New_Jersey's_10th_Congressional_District,Donald Payne Jr.,Democratic
U.S. House New Jersey District 11,https://ballotpedia.org/New_Jersey's_11th_Congressional_District,Mikie Sherrill,Democratic
U.S. House New Jersey District 12,https://ballotpedia.org/New_Jersey's_12th_Congressional_District,Bonnie Watson Coleman,Democratic
U.S. House New Mexico District 1,https://ballotpedia.org/New_Mexico's_1st_Congressional_District,Melanie Ann Stansbury,Democratic
U.S. House New Mexico District 2,https://ballotpedia.org/New_Mexico's_2nd_Congressional_District,Gabriel Vasquez,Democratic
U.S. House New Mexico District 3,https://ballotpedia.org/New_Mexico's_3rd_Congressional_District,Teresa Leger Fernandez,Democratic
U.S. House New York District 1,https://ballotpedia.org/New_York's_1st_Congressional_District,Nicholas J. LaLota,Republican
U.S. House New York District 2,https://ballotpedia.org/New_York's_2nd_Congressional_District,Andrew Garbarino,Republican
U.S. House New York District 3,https://ballotpedia.org/New_York's_3rd_Congressional_District,George Devolder-Santos,Republican
U.S. House New York District 4,https://ballotpedia.org/New_York's_4th_Congressional_District,Anthony D'Esposito,Republican
U.S. House New York District 5,https://ballotpedia.org/New_York's_5th_Congressional_District,Gregory W. Meeks,Democratic
U.S. House New York District 6,https://ballotpedia.org/New_York's_6th_Congressional_District,Grace Meng,Democratic
U.S. House New York District 7,https://ballotpedia.org/New_York's_7th_Congressional_District,Nydia Velazquez,Democratic
U.S. House New York District 8,https://ballotpedia.org/New_York's_8th_Congressional_District,Hakeem Jeffries,Democratic
U.S. House New York District 9,https://ballotpedia.org/New_York's_9th_Congressional_District,Yvette D. Clarke,Democratic
U.S. House New York District 10,https://ballotpedia.org/New_York's_10th_Congressional_District,Daniel Goldman,Democratic
U.S. House New York District 11,https://ballotpedia.org/New_York's_11th_Congressional_District,Nicole Malliotakis,Republican
U.S. House New York District 12,https://ballotpedia.org/New_York's_12th_Congressional_District,Jerrold Nadler,Democratic
U.S. House New York District 13,https://ballotpedia.org/New_York's_13th_Congressional_District,Adriano Espaillat,Democratic
U.S. House New York District 14,https://ballotpedia.org/New_York's_14th_Congressional_District,Alexandria Ocasio-Cortez,Democratic
U.S. House New York District 15,https://ballotpedia.org/New_York's_15th_Congressional_District,Ritchie Torres,Democratic
U.S. House New York District 16,https://ballotpedia.org/New_York's_16th_Congressional_District,Jamaal Bowman,Democratic
U.S. House New York District 17,https://ballotpedia.org/New_York's_17th_Congressional_District,Michael Lawler,Republican
U.S. House New York District 18,https://ballotpedia.org/New_York's_18th_Congressional_District,Pat Ryan,Democratic
U.S. House New York District 19,https://ballotpedia.org/New_York's_19th_Congressional_District,Marcus Molinaro,Republican
U.S. House New York District 20,https://ballotpedia.org/New_York's_20th_Congressional_District,Paul Tonko,Democratic
U.S. House New York District 21,https://ballotpedia.org/New_York's_21st_Congressional_District,Elise Stefanik,Republican
U.S. House New York District 22,https://ballotpedia.org/New_York's_22nd_Congressional_District,Brandon Williams,Republican
U.S. House New York District 23,https://ballotpedia.org/New_York's_23rd_Congressional_District,Nick Langworthy,Republican
U.S. House New York District 24,https://ballotpedia.org/New_York's_24th_Congressional_District,Claudia Tenney,Republican
U.S. House New York District 25,https://ballotpedia.org/New_York's_25th_Congressional_District,Joseph Morelle,Democratic
U.S. House New York District 26,https://ballotpedia.org/New_York's_26th_Congressional_District,Brian Higgins,Democratic
U.S. House Non-Voting Delegate District of Columbia,https://ballotpedia.org/District_of_Columbia%27s_At-Large_Congressional_District,Eleanor Holmes Norton,Democratic
U.S. House North Carolina District 1,https://ballotpedia.org/North_Carolina's_1st_Congressional_District,Donald Davis,Democratic
U.S. House North Carolina District 2,https://ballotpedia.org/North_Carolina's_2nd_Congressional_District,Deborah Ross,Democratic
U.S. House North Carolina District 3,https://ballotpedia.org/North_Carolina's_3rd_Congressional_District,Gregory Murphy,Republican
U.S. House North Carolina District 4,https://ballotpedia.org/North_Carolina's_4th_Congressional_District,Valerie Foushee,Democratic
U.S. House North Carolina District 5,https://ballotpedia.org/North_Carolina's_5th_Congressional_District,Virginia Foxx,Republican
U.S. House North Carolina District 6,https://ballotpedia.org/North_Carolina's_6th_Congressional_District,Kathy Manning,Democratic
U.S. House North Carolina District 7,https://ballotpedia.org/North_Carolina's_7th_Congressional_District,David Rouzer,Republican
U.S. House North Carolina District 8,https://ballotpedia.org/North_Carolina's_8th_Congressional_District,Dan Bishop,Republican
U.S. House North Carolina District 9,https://ballotpedia.org/North_Carolina's_9th_Congressional_District,Richard Hudson,Republican
U.S. House North Carolina District 10,https://ballotpedia.org/North_Carolina's_10th_Congressional_District,Patrick T. McHenry,Republican
U.S. House North Carolina District 11,https://ballotpedia.org/North_Carolina's_11th_Congressional_District,Chuck Edwards,Republican
U.S. House North Carolina District 12,https://ballotpedia.org/North_Carolina's_12th_Congressional_District,Alma Adams,Democratic
U.S. House North Carolina District 13,https://ballotpedia.org/North_Carolina's_13th_Congressional_District,Wiley Nickel,Democratic
U.S. House North Carolina District 14,https://ballotpedia.org/North_Carolina's_14th_Congressional_District,Jeff Jackson,Democratic
U.S. House North Dakota At-large District,https://ballotpedia.org/North_Dakota's_At-Large_Congressional_District,Kelly Armstrong,Republican
U.S. House Northern Mariana Islands At-large District,https://ballotpedia.org/Northern_Mariana_Islands%27_At-Large_Congressional_District,Gregorio Kilili Camacho Sablan,Democratic
U.S. House Ohio District 1,https://ballotpedia.org/Ohio's_1st_Congressional_District,Greg Landsman,Democratic
U.S. House Ohio District 2,https://ballotpedia.org/Ohio's_2nd_Congressional_District,Brad Wenstrup,Republican
U.S. House Ohio District 3,https://ballotpedia.org/Ohio's_3rd_Congressional_District,Joyce Beatty,Democratic
U.S. House Ohio District 4,https://ballotpedia.org/Ohio's_4th_Congressional_District,Jim Jordan,Republican
U.S. House Ohio District 5,https://ballotpedia.org/Ohio's_5th_Congressional_District,Bob Latta,Republican
U.S. House Ohio District 6,https://ballotpedia.org/Ohio's_6th_Congressional_District,Bill Johnson,Republican
U.S. House Ohio District 7,https://ballotpedia.org/Ohio's_7th_Congressional_District,Max Miller,Republican
U.S. House Ohio District 8,https://ballotpedia.org/Ohio's_8th_Congressional_District,Warren Davidson,Republican
U.S. House Ohio District 9,https://ballotpedia.org/Ohio's_9th_Congressional_District,Marcy Kaptur,Democratic
U.S. House Ohio District 10,https://ballotpedia.org/Ohio's_10th_Congressional_District,Michael Turner,Republican
U.S. House Ohio District 11,https://ballotpedia.org/Ohio's_11th_Congressional_District,Shontel Brown,Democratic
U.S. House Ohio District 12,https://ballotpedia.org/Ohio's_12th_Congressional_District,Troy Balderson,Republican
U.S. House Ohio District 13,https://ballotpedia.org/Ohio's_13th_Congressional_District,Emilia Sykes,Democratic
U.S. House Ohio District 14,https://ballotpedia.org/Ohio's_14th_Congressional_District,David Joyce,Republican
U.S. House Ohio District 15,https://ballotpedia.org/Ohio's_15th_Congressional_District,Mike Carey,Republican
U.S. House Oklahoma District 1,https://ballotpedia.org/Oklahoma's_1st_Congressional_District,Kevin Hern,Republican
U.S. House Oklahoma District 2,https://ballotpedia.org/Oklahoma's_2nd_Congressional_District,Josh Brecheen,Republican
U.S. House Oklahoma District 3,https://ballotpedia.org/Oklahoma's_3rd_Congressional_District,Frank Lucas,Republican
U.S. House Oklahoma District 4,https://ballotpedia.org/Oklahoma's_4th_Congressional_District,Tom Cole,Republican
U.S. House Oklahoma District 5,https://ballotpedia.org/Oklahoma's_5th_Congressional_District,Stephanie Bice,Republican
U.S. House Oregon District 1,https://ballotpedia.org/Oregon's_1st_Congressional_District,Suzanne Bonamici,Democratic
U.S. House Oregon District 2,https://ballotpedia.org/Oregon's_2nd_Congressional_District,Cliff Bentz,Republican
U.S. House Oregon District 3,https://ballotpedia.org/Oregon's_3rd_Congressional_District,Earl Blumenauer,Democratic
U.S. House Oregon District 4,https://ballotpedia.org/Oregon's_4th_Congressional_District,Val Hoyle,Democratic
U.S. House Oregon District 5,https://ballotpedia.org/Oregon's_5th_Congressional_District,Lori Chavez-DeRemer,Republican
U.S. House Oregon District 6,https://ballotpedia.org/Oregon's_6th_Congressional_District,Andrea Salinas,Democratic
U.S. House Pennsylvania District 1,https://ballotpedia.org/Pennsylvania's_1st_Congressional_District,Brian Fitzpatrick,Republican
U.S. House Pennsylvania District 2,https://ballotpedia.org/Pennsylvania's_2nd_Congressional_District,Brendan Boyle,Democratic
U.S. House Pennsylvania District 3,https://ballotpedia.org/Pennsylvania's_3rd_Congressional_District,Dwight Evans,Democratic
U.S. House Pennsylvania District 4,https://ballotpedia.org/Pennsylvania's_4th_Congressional_District,Madeleine Dean,Democratic
U.S. House Pennsylvania District 5,https://ballotpedia.org/Pennsylvania's_5th_Congressional_District,Mary Gay Scanlon,Democratic
U.S. House Pennsylvania District 6,https://ballotpedia.org/Pennsylvania's_6th_Congressional_District,Chrissy Houlahan,Democratic
U.S. House Pennsylvania District 7,https://ballotpedia.org/Pennsylvania's_7th_Congressional_District,Susan Wild,Democratic
U.S. House Pennsylvania District 8,https://ballotpedia.org/Pennsylvania's_8th_Congressional_District,Matt Cartwright,Democratic
U.S. House Pennsylvania District 9,https://ballotpedia.org/Pennsylvania's_9th_Congressional_District,Dan Meuser,Republican
U.S. House Pennsylvania District 10,https://ballotpedia.org/Pennsylvania's_10th_Congressional_District,Scott Perry,Republican
U.S. House Pennsylvania District 11,https://ballotpedia.org/Pennsylvania's_11th_Congressional_District,Lloyd Smucker,Republican
U.S. House Pennsylvania District 12,https://ballotpedia.org/Pennsylvania's_12th_Congressional_District,Summer Lee,Democratic
U.S. House Pennsylvania District 13,https://ballotpedia.org/Pennsylvania's_13th_Congressional_District,John Joyce,Republican
U.S. House Pennsylvania District 14,https://ballotpedia.org/Pennsylvania's_14th_Congressional_District,Guy Reschenthaler,Republican
U.S. House Pennsylvania District 15,https://ballotpedia.org/Pennsylvania's_15th_Congressional_District,Glenn Thompson,Republican
U.S. House Pennsylvania District 16,https://ballotpedia.org/Pennsylvania's_16th_Congressional_District,Mike Kelly,Republican
U.S. House Pennsylvania District 17,https://ballotpedia.org/Pennsylvania's_17th_Congressional_District,Christopher Deluzio,Democratic
U.S. House Rhode Island District 1,https://ballotpedia.org/Rhode_Island's_1st_Congressional_District,Gabe Amo,Democratic
U.S. House Rhode Island District 2,https://ballotpedia.org/Rhode_Island's_2nd_Congressional_District,Seth Magaziner,Democratic
U.S. House South Carolina District 1,https://ballotpedia.org/South_Carolina's_1st_Congressional_District,Nancy Mace,Republican
U.S. House South Carolina District 2,https://ballotpedia.org/South_Carolina's_2nd_Congressional_District,Joe Wilson,Republican
U.S. House South Carolina District 3,https://ballotpedia.org/South_Carolina's_3rd_Congressional_District,Jeff Duncan,Republican
U.S. House South Carolina District 4,https://ballotpedia.org/South_Carolina's_4th_Congressional_District,William Timmons,Republican
U.S. House South Carolina District 5,https://ballotpedia.org/South_Carolina's_5th_Congressional_District,Ralph Norman,Republican
U.S. House South Carolina District 6,https://ballotpedia.org/South_Carolina's_6th_Congressional_District,James Clyburn,Democratic
U.S. House South Carolina District 7,https://ballotpedia.org/South_Carolina's_7th_Congressional_District,Russell Fry,Republican
U.S. House South Dakota At-large District,https://ballotpedia.org/South_Dakota's_At-Large_Congressional_District,Dusty Johnson,Republican
U.S. House Tennessee District 1,https://ballotpedia.org/Tennessee's_1st_Congressional_District,Diana Harshbarger,Republican
U.S. House Tennessee District 2,https://ballotpedia.org/Tennessee's_2nd_Congressional_District,Tim Burchett,Republican
U.S. House Tennessee District 3,https://ballotpedia.org/Tennessee's_3rd_Congressional_District,Charles J. Fleischmann,Republican
U.S. House Tennessee District 4,https://ballotpedia.org/Tennessee's_4th_Congressional_District,Scott DesJarlais,Republican
U.S. House Tennessee District 5,https://ballotpedia.org/Tennessee's_5th_Congressional_District,Andy Ogles,Republican
U.S. House Tennessee District 6,https://ballotpedia.org/Tennessee's_6th_Congressional_District,John Rose,Republican
U.S. House Tennessee District 7,https://ballotpedia.org/Tennessee's_7th_Congressional_District,Mark Green,Republican
U.S. House Tennessee District 8,https://ballotpedia.org/Tennessee's_8th_Congressional_District,David Kustoff,Republican
U.S. House Tennessee District 9,https://ballotpedia.org/Tennessee's_9th_Congressional_District,Steve Cohen,Democratic
U.S. House Texas District 1,https://ballotpedia.org/Texas'_1st_Congressional_District,Nathaniel Moran,Republican
U.S. House Texas District 2,https://ballotpedia.org/Texas'_2nd_Congressional_District,Daniel Crenshaw,Republican
U.S. House Texas District 3,https://ballotpedia.org/Texas'_3rd_Congressional_District,Keith Self,Republican
U.S. House Texas District 4,https://ballotpedia.org/Texas'_4th_Congressional_District,Pat Fallon,Republican
U.S. House Texas District 5,https://ballotpedia.org/Texas'_5th_Congressional_District,Lance Gooden,Republican
U.S. House Texas District 6,https://ballotpedia.org/Texas'_6th_Congressional_District,Jake Ellzey,Republican
U.S. House Texas District 7,https://ballotpedia.org/Texas'_7th_Congressional_District,Lizzie Pannill Fletcher,Democratic
U.S. House Texas District 8,https://ballotpedia.org/Texas'_8th_Congressional_District,Morgan Luttrell,Republican
U.S. House Texas District 9,https://ballotpedia.org/Texas'_9th_Congressional_District,Al Green,Democratic
U.S. House Texas District 10,https://ballotpedia.org/Texas'_10th_Congressional_District,Michael McCaul,Republican
U.S. House Texas District 11,https://ballotpedia.org/Texas'_11th_Congressional_District,August Pfluger,Republican
U.S. House Texas District 12,https://ballotpedia.org/Texas'_12th_Congressional_District,Kay Granger,Republican
U.S. House Texas District 13,https://ballotpedia.org/Texas'_13th_Congressional_District,Ronny L. Jackson,Republican
U.S. House Texas District 14,https://ballotpedia.org/Texas'_14th_Congressional_District,Randy Weber,Republican
U.S. House Texas District 15,https://ballotpedia.org/Texas'_15th_Congressional_District,Monica De La Cruz,Republican
U.S. House Texas District 16,https://ballotpedia.org/Texas'_16th_Congressional_District,Veronica Escobar,Democratic
U.S. House Texas District 17,https://ballotpedia.org/Texas'_17th_Congressional_District,Pete Sessions,Republican
U.S. House Texas District 18,https://ballotpedia.org/Texas'_18th_Congressional_District,Sheila Jackson Lee,Democratic
U.S. House Texas District 19,https://ballotpedia.org/Texas'_19th_Congressional_District,Jodey Arrington,Republican
U.S. House Texas District 20,https://ballotpedia.org/Texas'_20th_Congressional_District,Joaquin Castro,Democratic
U.S. House Texas District 21,https://ballotpedia.org/Texas'_21st_Congressional_District,Chip Roy,Republican
U.S. House Texas District 22,https://ballotpedia.org/Texas'_22nd_Congressional_District,Troy Nehls,Republican
U.S. House Texas District 23,https://ballotpedia.org/Texas'_23rd_Congressional_District,Tony Gonzales,Republican
U.S. House Texas District 24,https://ballotpedia.org/Texas'_24th_Congressional_District,Beth Van Duyne,Republican
U.S. House Texas District 25,https://ballotpedia.org/Texas'_25th_Congressional_District,Roger Williams,Republican
U.S. House Texas District 26,https://ballotpedia.org/Texas'_26th_Congressional_District,Michael C. Burgess,Republican
U.S. House Texas District 27,https://ballotpedia.org/Texas'_27th_Congressional_District,Michael Cloud,Republican
U.S. House Texas District 28,https://ballotpedia.org/Texas'_28th_Congressional_District,Henry Cuellar,Democratic
U.S. House Texas District 29,https://ballotpedia.org/Texas'_29th_Congressional_District,Sylvia Garcia,Democratic
U.S. House Texas District 30,https://ballotpedia.org/Texas'_30th_Congressional_District,Jasmine Crockett,Democratic
U.S. House Texas District 31,https://ballotpedia.org/Texas'_31st_Congressional_District,John Carter,Republican
U.S. House Texas District 32,https://ballotpedia.org/Texas'_32nd_Congressional_District,Colin Allred,Democratic
U.S. House Texas District 33,https://ballotpedia.org/Texas'_33rd_Congressional_District,Marc Veasey,Democratic
U.S. House Texas District 34,https://ballotpedia.org/Texas'_34th_Congressional_District,Vicente Gonzalez Jr.,Democratic
U.S. House Texas District 35,https://ballotpedia.org/Texas'_35th_Congressional_District,Greg Casar,Democratic
U.S. House Texas District 36,https://ballotpedia.org/Texas'_36th_Congressional_District,Brian Babin,Republican
U.S. House Texas District 37,https://ballotpedia.org/Texas'_37th_Congressional_District,Lloyd Doggett,Democratic
U.S. House Texas District 38,https://ballotpedia.org/Texas'_38th_Congressional_District,Wesley Hunt,Republican
U.S. House Utah District 1,https://ballotpedia.org/Utah's_1st_Congressional_District,Blake Moore,Republican
U.S. House Utah District 2,https://ballotpedia.org/Utah's_2nd_Congressional_District,Vacant,
U.S. House Utah District 3,https://ballotpedia.org/Utah's_3rd_Congressional_District,John Curtis,Republican
U.S. House Utah District 4,https://ballotpedia.org/Utah's_4th_Congressional_District,Burgess Owens,Republican
U.S. House Vermont At-large District,https://ballotpedia.org/Vermont's_At-Large_Congressional_District,Becca Balint,Democratic
U.S. House Virgin Islands At-large District,https://ballotpedia.org/United_States_Virgin_Islands%27_Delegate_to_the_U.S._House_of_Representatives,Stacey Plaskett,Democratic
U.S. House Virginia District 1,https://ballotpedia.org/Virginia's_1st_Congressional_District,Robert J. Wittman,Republican
U.S. House Virginia District 2,https://ballotpedia.org/Virginia's_2nd_Congressional_District,Jennifer Kiggans,Republican
U.S. House Virginia District 3,https://ballotpedia.org/Virginia's_3rd_Congressional_District,Robert C. Scott,Democratic
U.S. House Virginia District 4,https://ballotpedia.org/Virginia's_4th_Congressional_District,Jennifer McClellan,Democratic
U.S. House Virginia District 5,https://ballotpedia.org/Virginia's_5th_Congressional_District,Bob Good,Republican
U.S. House Virginia District 6,https://ballotpedia.org/Virginia's_6th_Congressional_District,Benjamin Lee Cline,Republican
U.S. House Virginia District 7,https://ballotpedia.org/Virginia's_7th_Congressional_District,Abigail Spanberger,Democratic
U.S. House Virginia District 8,https://ballotpedia.org/Virginia's_8th_Congressional_District,Donald Sternoff Beyer Jr.,Democratic
U.S. House Virginia District 9,https://ballotpedia.org/Virginia's_9th_Congressional_District,H. Morgan Griffith,Republican
U.S. House Virginia District 10,https://ballotpedia.org/Virginia's_10th_Congressional_District,Jennifer Wexton,Democratic
U.S. House Virginia District 11,https://ballotpedia.org/Virginia's_11th_Congressional_District,Gerald Edward Connolly,Democratic
U.S. House Washington District 1,https://ballotpedia.org/Washington's_1st_Congressional_District,Suzan DelBene,Democratic
U.S. House Washington District 2,https://ballotpedia.org/Washington's_2nd_Congressional_District,Rick Larsen,Democratic
U.S. House Washington District 3,https://ballotpedia.org/Washington's_3rd_Congressional_District,Marie Gluesenkamp Pérez,Democratic
U.S. House Washington District 4,https://ballotpedia.org/Washington's_4th_Congressional_District,Dan Newhouse,Republican
U.S. House Washington District 5,https://ballotpedia.org/Washington's_5th_Congressional_District,Cathy McMorris Rodgers,Republican
U.S. House Washington District 6,https://ballotpedia.org/Washington's_6th_Congressional_District,Derek Kilmer,Democratic
U.S. House Washington District 7,https://ballotpedia.org/Washington's_7th_Congressional_District,Pramila Jayapal,Democratic
U.S. House Washington District 8,https://ballotpedia.org/Washington's_8th_Congressional_District,Kim Schrier,Democratic
U.S. House Washington District 9,https://ballotpedia.org/Washington's_9th_Congressional_District,D. Adam Smith,Democratic
U.S. House Washington District 10,https://ballotpedia.org/Washington's_10th_Congressional_District,Marilyn Strickland,Democratic
U.S. House West Virginia District 1,https://ballotpedia.org/West_Virginia's_1st_Congressional_District,Carol Miller,Republican
U.S. House West Virginia District 2,https://ballotpedia.org/West_Virginia's_2nd_Congressional_District,Alexander Mooney,Republican
U.S. House Wisconsin District 1,https://ballotpedia.org/Wisconsin's_1st_Congressional_District,Bryan Steil,Republican
U.S. House Wisconsin District 2,https://ballotpedia.org/Wisconsin's_2nd_Congressional_District,Mark Pocan,Democratic
U.S. House Wisconsin District 3,https://ballotpedia.org/Wisconsin's_3rd_Congressional_District,Derrick Van Orden,Republican
U.S. House Wisconsin District 4,https://ballotpedia.org/Wisconsin's_4th_Congressional_District,Gwen Moore,Democratic
U.S. House Wisconsin District 5,https://ballotpedia.org/Wisconsin's_5th_Congressional_District,Scott Fitzgerald,Republican
U.S. House Wisconsin District 6,https://ballotpedia.org/Wisconsin's_6th_Congressional_District,Glenn Grothman,Republican
U.S. House Wisconsin District 7,https://ballotpedia.org/Wisconsin's_7th_Congressional_District,Tom Tiffany,Republican
U.S. House Wisconsin District 8,https://ballotpedia.org/Wisconsin's_8th_Congressional_District,Mike Gallagher,Republican
U.S. House Wyoming At-large District,https://ballotpedia.org/Wyoming's_At-Large_Congressional_District,Harriet Hageman,Republican
