标题,标题链接,图片,css1rynq56,css1rynq561,css1qaijid_链接,css1qaijid
Oversight Committee,https://twitter.com/GOPoversight,https://pbs.twimg.com/profile_images/1612604603433947136/le1ekzh0_bigger.jpg,@GOPoversight,"House Committee on Oversight and Accountability 
Est. 1814 | Chairman ",https://twitter.com/RepJamesComer,@RepJamesComer
Charles Benson,https://twitter.com/CharlesBenson4,https://pbs.twimg.com/profile_images/1602782121214492675/UlaY9hu__bigger.jpg,@CharlesBenson4,"You are looking Live! Veteran News Anchor/Chief Political Reporter@TMJ4. Political Junkie. Love to run, swim and bike. Ironman WI 2013. Half Ironman MI 2017.",,
Rep. Dan Bishop,https://twitter.com/RepDanBishop,https://pbs.twimg.com/profile_images/1430202252141203456/oSv-buUd_bigger.jpg,@RepDanBishop,U.S. Congressman Proudly Representing the Eighth District of North Carolina,,
Senator Ted Budd,https://twitter.com/SenTedBuddNC,https://pbs.twimg.com/profile_images/1617524358100193281/g3BJBkZW_bigger.jpg,@SenTedBuddNC,Official account for North Carolina U.S. Senator Ted Budd. Instagram: SenTedBudd,,
Markwayne Mullin,https://twitter.com/SenMullin,https://pbs.twimg.com/profile_images/1507403689350336527/70QhTjpi_bigger.jpg,@SenMullin,Father of six. Small business owner. Honored to represent Oklahoma’s conservative values in the United States Senate.,,
"Theresa M Long, MD, MPH, FS",https://twitter.com/LTCTheresaLong,https://pbs.twimg.com/profile_images/1456995060327849992/aEjOSo5w_bigger.jpg,@LTCTheresaLong,"Army Flight Surgeon-Aerospace &Occupational Medicine, speciality training in Med Management of Biological & Chem Casualties. opinions do not reflect DoD or Army",,
Rep. James Comer,https://twitter.com/RepJamesComer,https://pbs.twimg.com/profile_images/1408448254010875910/b5h3Hehs_bigger.jpg,@RepJamesComer,Chairman on House ,https://twitter.com/GOPoversight,@GOPoversight
Blake Masters,https://twitter.com/bgmasters,https://pbs.twimg.com/profile_images/1477143692674621440/V4RfBtPz_bigger.jpg,@bgmasters,,,
Alec Zimmerman,https://twitter.com/AlecDZimmerman,https://pbs.twimg.com/profile_images/910150915193233408/VcR4MovT_bigger.jpg,@AlecDZimmerman,Advocacy & Strategic Communications ,https://twitter.com/PlatformWI,@PlatformWI
Jon Levine,https://twitter.com/LevineJonathan,https://pbs.twimg.com/profile_images/1649547082431180803/PB2QVy47_bigger.jpg,@LevineJonathan,"It's a pity the rules don't allow me to be merciful 

JLevine1@NYPost.com ",,
Turning Point USA,https://twitter.com/TPUSA,https://pbs.twimg.com/profile_images/1668320671338999808/pAyQRtM__bigger.jpg,@TPUSA,Leading the fight to save America ,https://twitter.com/charliekirk11,@charliekirk11
Kurt R. Bauer,https://twitter.com/Kurt_R_Bauer,https://pbs.twimg.com/profile_images/1014143777018077185/BOnjOsgk_bigger.jpg,@Kurt_R_Bauer,"CEO of WMC - Wisconsin’s Chamber of Commerce, Manufacturers’ Association and Safety Council.",,
Henry Rodgers,https://twitter.com/henryrodgersdc,https://pbs.twimg.com/profile_images/1701026145439731712/5vPkG1-2_bigger.jpg,@henryrodgersdc,Chief National Correspondent. ,https://twitter.com/DailyCaller,@DailyCaller
The Lincoln Academy Beloit,https://twitter.com/TLABeloit,https://pbs.twimg.com/profile_images/1442501183806099462/o5ggUCDz_bigger.jpg,@TLABeloit,"A K-12 public charter school with a strong academic focus, career exploration and experience, a joyful culture and high expectations for scholars and staff.",,
,,,,,,
Chandler Rebel,https://twitter.com/ChandlerRebel,https://pbs.twimg.com/profile_images/1722723961643966464/eYAnZZ4q_bigger.jpg,@ChandlerRebel, | ,https://twitter.com/ShinerBeer,@ShinerBeer
Rep. Nancy Mace,https://twitter.com/RepNancyMace,https://pbs.twimg.com/profile_images/1592954456483762181/uhnU3tIp_bigger.jpg,@RepNancyMace,From Waffle House ,https://twitter.com/search?q=%23SC01&src=hashtag_click,#SC01
Andrew Craft,https://twitter.com/AndrewCraft,https://pbs.twimg.com/profile_images/1166813543225790465/7tPGJRty_bigger.jpg,@AndrewCraft,LiveNOW from FOX Host,,
America250,https://twitter.com/America250,https://pbs.twimg.com/profile_images/1676184180269391872/adM08zZ7_bigger.jpg,@America250,The official Twitter page of the U.S. Semiquincentennial Commission and ,https://t.co/bnmWN8LfZ7,http://America250.org
Susan Yackee,https://twitter.com/SusanYackee,https://pbs.twimg.com/profile_images/1339027992929034240/V7Cfy3Qd_bigger.jpg,@SusanYackee,Director & Professor ,https://twitter.com/UWLaFollette,@UWLaFollette
Sen. Marsha Blackburn,https://twitter.com/MarshaBlackburn,https://pbs.twimg.com/profile_images/1670212590289428480/7KvuY3a4_bigger.jpg,@MarshaBlackburn,I am honored to serve the people of Tennessee.,,
Rep Andy Biggs,https://twitter.com/RepAndyBiggsAZ,https://pbs.twimg.com/profile_images/1176647112550993920/rETjTe_z_bigger.jpg,@RepAndyBiggsAZ,Representing Arizona's Fighting Fifth. Member of the ,https://twitter.com/JudiciaryGOP,@JudiciaryGOP
John Kennedy,https://twitter.com/SenJohnKennedy,https://pbs.twimg.com/profile_images/1478828894878945282/oc8JVTd1_bigger.jpg,@SenJohnKennedy,Official account of U.S. Senator John Kennedy of Louisiana. Facebook: ,https://t.co/1Tq61Jy0Gi,http://facebook.com/SenatorJohnKennedy…
Miranda Devine,https://twitter.com/mirandadevine,https://pbs.twimg.com/profile_images/726414656210755584/bfXvRacj_bigger.jpg,@mirandadevine,"Journalist, wife, mother, dog-lover. Truth-teller ",https://twitter.com/nypost,@nypost
Jonathan Turley,https://twitter.com/JonathanTurley,https://pbs.twimg.com/profile_images/1239360959447289856/Cf7PTo5z_bigger.jpg,@JonathanTurley,"Shapiro Chair of Public Interest Law (GWU), legal analyst, author of ""The Indispensable Right"" (Simon & Schuster 2024). Blog: Res Ipsa ",https://t.co/cgZn5cirt1,http://jonathanturley.org
Maria Bartiromo,https://twitter.com/MariaBartiromo,https://pbs.twimg.com/profile_images/1643091266429919234/ky9RML9t_bigger.jpg,@MariaBartiromo,"Anchor, Global Markets Editor Mornings with Maria ",https://twitter.com/MorningsMaria,@MorningsMaria
Lou Dobbs,https://twitter.com/LouDobbs,https://pbs.twimg.com/profile_images/1458579103725109248/XdX40QNz_bigger.jpg,@LouDobbs,,,
"Pierre Kory, MD MPA",https://twitter.com/PierreKory,https://pbs.twimg.com/profile_images/1612138630251692034/kIiZzIZt_bigger.jpg,@PierreKory, ,https://t.co/1oNGF6Q3vg,http://drpierrekory.com
Wisconsin Technical Colleges,https://twitter.com/WisTechColleges,https://pbs.twimg.com/profile_images/1675928055166935051/hHS0Afrg_bigger.png,@WisTechColleges,"State's largest higher education system. 16 technical colleges, 50 campuses, 300K students. Supporting students w/all backgrounds, employers w/various needs.",,
Senator Katie Boyd Britt,https://twitter.com/SenKatieBritt,https://pbs.twimg.com/profile_images/1608622682727219202/NYp4xDGl_bigger.jpg,@SenKatieBritt,U.S. Senator for the great state of Alabama. Fighting to grow opportunity for hardworking families and preserve the American Dream for our children.,,
Wisconsin Right Now,https://twitter.com/wisconsin_now,https://pbs.twimg.com/profile_images/1588927648893476865/yDU6VMxB_bigger.jpg,@wisconsin_now,Wisconsin and Milwaukee area breaking news you won't see elsewhere. MKE Press Club gold award winners 2022. Jim.wirightnow@gmail.com,,
WIHistoricalSociety,https://twitter.com/WisHistory,https://pbs.twimg.com/profile_images/1494416280291577861/4qwmtgfi_bigger.jpg,@WisHistory,"Official Twitter feed for members of the Wisconsin Historical Society.  Collecting, preserving and sharing stories for generations to come.",,
Dr Jordan B Peterson,https://twitter.com/jordanbpeterson,https://pbs.twimg.com/profile_images/1407056014776614923/TKBC60e1_bigger.jpg,@jordanbpeterson,Best-Selling Author | Clinical Psychologist | #1 Education Podcast | Listen to the podcast here:,,
Tony Perkins,https://twitter.com/tperkins,https://pbs.twimg.com/profile_images/1288962280651096064/Gh917KZ__bigger.jpg,@tperkins,President of ,https://twitter.com/FRCdc,@FRCdc
Select Subcommittee on the Coronavirus Pandemic,https://twitter.com/COVIDSelect,https://pbs.twimg.com/profile_images/1631390524987809806/_g8DaCmD_bigger.jpg,@COVIDSelect,Select Subcommittee on the Coronavirus Pandemic | Est. 2023 | Chairman ,https://twitter.com/RepBradWenstrup,@RepBradWenstrup
Wisconsin Fraternal Order of Police,https://twitter.com/WIFOP,https://pbs.twimg.com/profile_images/959575127066398720/3fRdJ0-1_bigger.jpg,@WIFOP,"Wisconsin State Lodge of the Fraternal Order of Police, the world’s largest organization of sworn law enforcement officers. 1-877-WISC-FOP",,
J.D. Vance,https://twitter.com/JDVance1,https://pbs.twimg.com/profile_images/1418593424530419712/j-hCSj8s_bigger.jpg,@JDVance1,"Christian, husband, dad. U.S. Senator for Ohio.",,
Weaponization Committee,https://twitter.com/Weaponization,https://pbs.twimg.com/profile_images/1621283433224835072/ThTveTwi_bigger.jpg,@Weaponization,Official account for the Select Subcommittee on the Weaponization of the Federal Government. Chairman ,https://twitter.com/Jim_Jordan,@Jim_Jordan
Dr. Drew,https://twitter.com/drdrew,https://pbs.twimg.com/profile_images/543537716147658752/VzcS3sa__bigger.png,@drdrew,Board Certified Internist ? Addiction Medicine Specialist ? TV Host ? ,https://twitter.com/AskDrDrew,@AskDrDrew
"Theresa M Long, MD, MPH, FS",https://twitter.com/LTCTheresaLong,https://pbs.twimg.com/profile_images/1456995060327849992/aEjOSo5w_bigger.jpg,@SenMullin,Father of six. Small business owner. Honored to represent Oklahoma’s conservative values in the United States Senate.,,
Allison B. Jones,https://twitter.com/AllieJ0308,https://pbs.twimg.com/profile_images/438092324438945792/AJZfffha_bigger.jpeg,@AllieJ0308,"Sr. VP of A&R Big Machine Label Group ? Nash, TN ? Vandy grad ? Fla native ? Dylan's mom ? ",,
Jan Jekielek,https://twitter.com/JanJekielek,https://pbs.twimg.com/profile_images/1708897968865103872/MZkmYJqi_bigger.png,@JanJekielek,The ,https://twitter.com/EpochTimes,@EpochTimes
Avery Selby,https://twitter.com/AverySelby_,https://pbs.twimg.com/profile_images/1625583770937032704/KsV7RkJg_bigger.jpg,@AverySelby_,NC in DC | digital comms for ,https://twitter.com/SenRonJohnson,@SenRonJohnson
House Freedom Caucus,https://twitter.com/freedomcaucus,https://pbs.twimg.com/profile_images/1485685964743847937/XwWjnh4f_bigger.jpg,@freedomcaucus,"We support open, accountable & limited govt, the Constitution & the rule of law, and policies that promote the liberty, safety & prosperity of all Americans.",,
EpochTV,https://twitter.com/EpochTV,https://pbs.twimg.com/profile_images/1485685964743847937/XwWjnh4f_bigger.jpg,@freedomcaucus,"We support open, accountable & limited govt, the Constitution & the rule of law, and policies that promote the liberty, safety & prosperity of all Americans.",,
Brett Galaszewski,https://twitter.com/bgalsWI,https://pbs.twimg.com/profile_images/1420424921067540481/ko2kuBWA_bigger.jpg,@bgalsWI,Midwest Field Manager ,https://twitter.com/tpaction_,@tpaction_
Jan Jekielek,https://twitter.com/JanJekielek,https://pbs.twimg.com/profile_images/1708897968865103872/MZkmYJqi_bigger.png,@JanJekielek,The ,,
Andrew Craft,https://twitter.com/AndrewCraft,https://pbs.twimg.com/profile_images/1592954456483762181/uhnU3tIp_bigger.jpg,@RepNancyMace,From Waffle House ,https://twitter.com/search?q=%23SC01&src=hashtag_click,#SC01
National FFA,https://twitter.com/NationalFFA,https://pbs.twimg.com/profile_images/1551919715370541058/dD5_KiTY_bigger.png,@NationalFFA,We are the future of agriculture. Supported by ,https://twitter.com/FFAfoundation,@FFAfoundation
Dr. Drew,https://twitter.com/drdrew,https://pbs.twimg.com/profile_images/543537716147658752/VzcS3sa__bigger.png,@drdrew,"Official Twitter feed for members of the Wisconsin Historical Society.  Collecting, preserving and sharing stories for generations to come.",,
Badger Institute,https://twitter.com/badgerinstitute,https://pbs.twimg.com/profile_images/1719376233463439360/1sd3lmrT_bigger.jpg,@badgerinstitute,"Free Markets, Opportunity, Prosperity | Help us write Wisconsin's comeback story | ",https://twitter.com/search?q=%23BadgerInstitute&src=hashtag_click,#BadgerInstitute
Josh Hawley,https://twitter.com/HawleyMO,https://pbs.twimg.com/profile_images/1097246042934992898/YqXTdt3v_bigger.jpg,@HawleyMO,"Christian, constitutional lawyer, husband to Erin, Dad to Elijah, Blaise and Abigail, U.S. Senator for Missouri",,
Mike Tobin,https://twitter.com/MikeTobinFox,https://pbs.twimg.com/profile_images/113582772/mike_in_Gaza_smaller_bigger.jpg,@MikeTobinFox,"Fox News International Correspondent. Covered Wars in Ukraine, Pakistan, Afghanistan, Lebanon, Iraq, Israel and the Palestinian territories.",,
James Stratton,https://twitter.com/JamesStrattonTV,https://pbs.twimg.com/profile_images/1524548117638656001/FU1XfzrZ_bigger.jpg,@JamesStrattonTV,Steward of public information.  Investigative at ,https://twitter.com/WISN12News,@WISN12News
MacIver News Service,https://twitter.com/NewsMacIver,https://pbs.twimg.com/profile_images/2095003275/mnslogopng_bigger.png,@NewsMacIver,The MacIver News Service is a project of the John K. MacIver Institute for Public Policy. MacIver Institute's twitter handle is ,https://twitter.com/MacIverWisc,@MacIverWisc
NorthStar Medical Radioisotopes,https://twitter.com/NMRadioisotopes,https://pbs.twimg.com/profile_images/1599869044751990789/Cp71H9KG_bigger.jpg,@NMRadioisotopes,Our Mission: Providing Patients Global Access to Game-Changing Radiopharmaceuticals,,
Jonathan Turley,https://twitter.com/JonathanTurley,https://pbs.twimg.com/profile_images/1239360959447289856/Cf7PTo5z_bigger.jpg,@JonathanTurley,"Shapiro Chair of Public Interest Law (GWU), legal analyst, author of ""The Indispensable Right"" (Simon & Schuster 2024). Blog: Res Ipsa ",https://t.co/cgZn5cirt1,
Chuck Grassley,https://twitter.com/ChuckGrassley,https://pbs.twimg.com/profile_images/921098191507984385/XYteQA6t_bigger.jpg,@ChuckGrassley,"U.S. Senator. Family farmer. Lifetime resident of New Hartford, IA. Also follow ",https://twitter.com/GrassleyPress,@GrassleyPress
House Republicans,https://twitter.com/HouseGOP,https://pbs.twimg.com/profile_images/1611598095128711169/gXdQ0dpQ_bigger.jpg,@HouseGOP,We are the Republican Conference in the United States House of Representatives ,,
Senate Republicans,https://twitter.com/SenateGOP,https://pbs.twimg.com/profile_images/1610319775699288066/3HJLBrxC_bigger.jpg,@SenateGOP,Breaking news + behind-the-scenes updates from United States Senate Republicans and their staff.,,
Rick Scott,https://twitter.com/SenRickScott,https://pbs.twimg.com/profile_images/1082776530235916289/KVIfkvwW_bigger.jpg,@SenRickScott,Florida's U.S. Senator. Fighting for Florida families and to Make Washington Work. ,https://twitter.com/search?q=%23LetsGetToWork&src=hashtag_click,#LetsGetToWork
Senator Rand Paul,https://twitter.com/SenRandPaul,https://pbs.twimg.com/profile_images/1610737855499730957/Tv-HpkaR_bigger.jpg,,,,
Sara A. Carter,https://twitter.com/SaraCarterDC,https://pbs.twimg.com/profile_images/1606067966419902464/gVi7QYkI_bigger.jpg,@SaraCarterDC," Contributor, Award-winning. Host, The Sara Carter Show. IG: ScarterDC, FB: Sara A. Carter ",https://twitter.com/FoxNews,@FoxNews
Steve Scalise,https://twitter.com/SteveScalise,https://pbs.twimg.com/profile_images/744267613841260544/GdM7XCZM_bigger.jpg,@SteveScalise,House Majority Leader. Dad. LSU & Saints fan. Proudly representing Louisiana’s First District.,,
House Republicans,https://twitter.com/LouDobbs,https://pbs.twimg.com/profile_images/1458579103725109248/XdX40QNz_bigger.jpg,@LouDobbs,,,
"Pierre Kory, MD MPA",https://twitter.com/PierreKory,https://pbs.twimg.com/profile_images/1612138630251692034/kIiZzIZt_bigger.jpg,@PierreKory, ,,
Jaeson Jones,https://twitter.com/bgalsWI,https://pbs.twimg.com/profile_images/1420424921067540481/ko2kuBWA_bigger.jpg,@bgalsWI,Midwest Field Manager ,https://twitter.com/tpaction_,@tpaction_
EpochTV,https://twitter.com/EpochTV,https://pbs.twimg.com/profile_images/1656761085477679120/f5SlcyNS_bigger.jpg,@EpochTV," streaming platform featuring exclusive programming, investigative news analysis, in-depth interviews and award-winning documentaries. ",https://twitter.com/EpochTimes,@EpochTimes
Travel - State Dept,https://twitter.com/TravelGov,https://pbs.twimg.com/profile_images/1416025219131613188/haDTLyHy_bigger.jpg,@TravelGov,Bureau of Consular Affairs ,https://twitter.com/statedept,@statedept
Select Subcommittee on the Coronavirus Pandemic,https://twitter.com/freedomcaucus,https://pbs.twimg.com/profile_images/1625583770937032704/KsV7RkJg_bigger.jpg,@AverySelby_,NC in DC | digital comms for ,https://twitter.com/SenRonJohnson,@SenRonJohnson
Jonathan Turley,https://twitter.com/JonathanTurley,https://pbs.twimg.com/profile_images/1239360959447289856/Cf7PTo5z_bigger.jpg,@SenJohnKennedy,Official account of U.S. Senator John Kennedy of Louisiana. Facebook: ,https://t.co/1Tq61Jy0Gi,http://facebook.com/SenatorJohnKennedy…
Danny Jativa,https://twitter.com/Danny_Jativa,https://pbs.twimg.com/profile_images/1643075307702743041/MAWxwzTI_bigger.jpg,@Danny_Jativa,Comms stuff at ,https://twitter.com/HouseBudgetGOP,@HouseBudgetGOP
Jaeson Jones,https://twitter.com/jaeson_jones,https://pbs.twimg.com/profile_images/1563616954157436929/4FxULDiT_bigger.jpg,@jaeson_jones,?NEWSMAX BORDER CORRESPONDENT ?RETIRED TX DPS CAPTAIN “SERVARE VITAS”,,
Scott Jensen,https://twitter.com/drscottjensen,https://pbs.twimg.com/profile_images/1608275500014657538/RaJZMsNC_bigger.jpg,@drscottjensen,"Former candidate for Minnesota Governor. Dad, husband, long-time family physician, and former Minnesota State Senator for Carver County.",,
John Cena,https://twitter.com/JohnCena,https://pbs.twimg.com/profile_images/1589730936161198081/UDs446vn_bigger.jpg,@JohnCena,"A forum of thoughts and perspectives designed to ignite conversations and actions leading to growth, and occasional self promotion. ",https://twitter.com/search?q=%23NeverGiveUp&src=hashtag_click,#NeverGiveUp
Dr Jordan B Peterson,https://twitter.com/jordanbpeterson,https://pbs.twimg.com/profile_images/1407056014776614923/TKBC60e1_bigger.jpg,@Weaponization,Official account for the Select Subcommittee on the Weaponization of the Federal Government. Chairman ,https://twitter.com/Jim_Jordan,@Jim_Jordan
Jan Jekielek,https://twitter.com/JanJekielek,https://pbs.twimg.com/profile_images/1708897968865103872/MZkmYJqi_bigger.png,@JanJekielek,?NEWSMAX BORDER CORRESPONDENT ?RETIRED TX DPS CAPTAIN “SERVARE VITAS”,,
Chuck Grassley,https://twitter.com/SenateGOP,https://pbs.twimg.com/profile_images/1610319775699288066/3HJLBrxC_bigger.jpg,@SenateGOP,Breaking news + behind-the-scenes updates from United States Senate Republicans and their staff.,,
Senator Rand Paul,https://twitter.com/SenRandPaul,https://pbs.twimg.com/profile_images/1610737855499730957/Tv-HpkaR_bigger.jpg,@SenRandPaul,"I fight for Kentucky, individual rights, and the Constitution | This is an official government account for Senator Rand Paul.",,
Mercedes Schlapp,https://twitter.com/mercedesschlapp,https://pbs.twimg.com/profile_images/1420113626468343810/bcZbVQYk_bigger.jpg,@mercedesschlapp,"Faith, family, country, freedom. Ephesians 6:11. Host of ",https://twitter.com/CPAC,@CPAC
Travel - State Dept,https://twitter.com/AverySelby_,https://pbs.twimg.com/profile_images/1625583770937032704/KsV7RkJg_bigger.jpg,@AverySelby_,NC in DC | digital comms for ,https://twitter.com/SenRonJohnson,@SenRonJohnson
Badger Institute,https://twitter.com/badgerinstitute,https://pbs.twimg.com/profile_images/1719376233463439360/1sd3lmrT_bigger.jpg,@badgerinstitute,We are the future of agriculture. Supported by ,https://twitter.com/FFAfoundation,@FFAfoundation
Chandler Rebel,https://twitter.com/ChandlerRebel,https://pbs.twimg.com/profile_images/1551919715370541058/dD5_KiTY_bigger.png,@NationalFFA,We are the future of agriculture. Supported by ,https://twitter.com/FFAfoundation,@FFAfoundation
Danny Jativa,https://twitter.com/Danny_Jativa,https://pbs.twimg.com/profile_images/1643075307702743041/MAWxwzTI_bigger.jpg,@Danny_Jativa,"ABC is a national association with 68 chapters representing more than 22,000 merit shop construction and construction-related firms.",,
Jaeson Jones,https://twitter.com/ABCNational,https://pbs.twimg.com/profile_images/1146068831791714305/QGoDSMll_bigger.png,@ABCNational,"ABC is a national association with 68 chapters representing more than 22,000 merit shop construction and construction-related firms.",,
David Limbaugh,https://twitter.com/DavidLimbaugh,https://pbs.twimg.com/profile_images/1436103710887788549/cl_OqaTG_bigger.jpg,@DavidLimbaugh,A lawyer and author.,,
Brian Kilmeade,https://twitter.com/kilmeade,https://pbs.twimg.com/profile_images/1650506321756581892/Yw3qFlDk_bigger.jpg,@kilmeade,"Co-anchor, Fox & Friends host, The Brian Kilmeade Radio Show, One Nation host, NY Times Best Selling Author.",,
Mike Lee,https://twitter.com/SenMikeLee,https://pbs.twimg.com/profile_images/1006896016849858560/P3nNjlIe_bigger.jpg,@SenMikeLee,I am a United States Senator from the great state of Utah. Please help me restore constitutional leadership to Washington.,,
Mike Tobin,https://twitter.com/MikeTobinFox,https://pbs.twimg.com/profile_images/1166813543225790465/7tPGJRty_bigger.jpg,@AndrewCraft,LiveNOW from FOX Host,,
America250,https://twitter.com/America250,https://pbs.twimg.com/profile_images/1676184180269391872/adM08zZ7_bigger.jpg,@America250,The official Twitter page of the U.S. Semiquincentennial Commission and ,https://twitter.com/search?q=%23SC01&src=hashtag_click,#SC01
Blake Masters,https://twitter.com/bgmasters,https://pbs.twimg.com/profile_images/1477143692674621440/V4RfBtPz_bigger.jpg,@bgmasters,WH,https://twitter.com/GOPoversight,@GOPoversight
Tony Perkins,https://twitter.com/AverySelby_,https://pbs.twimg.com/profile_images/1625583770937032704/KsV7RkJg_bigger.jpg,@AverySelby_,NC in DC | digital comms for ,https://twitter.com/SenRonJohnson,@SenRonJohnson
Weaponization Committee,https://twitter.com/Weaponization,https://pbs.twimg.com/profile_images/1589730936161198081/UDs446vn_bigger.jpg,@JohnCena,"A forum of thoughts and perspectives designed to ignite conversations and actions leading to growth, and occasional self promotion. ",https://twitter.com/search?q=%23NeverGiveUp&src=hashtag_click,#NeverGiveUp
WIHistoricalSociety,https://twitter.com/WisHistory,https://pbs.twimg.com/profile_images/1494416280291577861/4qwmtgfi_bigger.jpg,@drdrew,Board Certified Internist ? Addiction Medicine Specialist ? TV Host ? ,https://twitter.com/AskDrDrew,@AskDrDrew
Wisconsin Technical Colleges,https://twitter.com/WisTechColleges,https://pbs.twimg.com/profile_images/1675928055166935051/hHS0Afrg_bigger.png,@WisTechColleges,"State's largest higher education system. 16 technical colleges, 50 campuses, 300K students. Supporting students w/all backgrounds, employers w/various needs.",,@AskDrDrew
Sen. Marsha Blackburn,https://twitter.com/MarshaBlackburn,,@HawleyMO,"Christian, constitutional lawyer, husband to Erin, Dad to Elijah, Blaise and Abigail, U.S. Senator for Missouri",,
