标题,标题链接,图片,css1rynq56,css1rynq561,css1qaijid_链接,css1qaijid,css1rynq562,r18u37iz_链接,r18u37iz
新‧二七部隊 軍事雜談 (New 27 Brigade),https://twitter.com/new27brigade,https://pbs.twimg.com/profile_images/1424032873611337733/BA8StYap_bigger.jpg,@new27brigade,本站主旨：戰史研究、戰略安全、軍事科技、政治作戰 組織本土軍隊意識，建立在地軍事認知 拒絕黃埔軍閥壟斷，豎立高砂國魂認同,,,,,
Meredith Whittaker,https://twitter.com/mer__edith,https://pbs.twimg.com/profile_images/1566470609256734721/hbjnY1wP_bigger.jpg,@mer__edith,President of ,https://twitter.com/signalapp,@signalapp,", Chief Advisor to ",https://twitter.com/ainowinstitute,@ainowinstitute
Schweitzer Engineering Laboratories,https://twitter.com/SEL_News,https://pbs.twimg.com/profile_images/599275899389804544/fvT6mwt8_bigger.jpg,@SEL_News,"We are a global, 100% employee-owned company working on making ",https://twitter.com/search?q=%23electricpower&src=hashtag_click,#electricpower,#electricpower,,
Alicia Kearns MP,https://twitter.com/aliciakearns,https://pbs.twimg.com/profile_images/1691088021205012481/2jCeapgR_bigger.jpg,@aliciakearns,"Conservative MP for Rutland and Melton, Chair of the Foreign Affairs Committee and ",https://twitter.com/chinaresearchgp,@chinaresearchgp," as well as Bosnia & Herzegovina, and Dairy APPGs",,
Intelligence Matters,https://twitter.com/IntelMattersPod,https://pbs.twimg.com/profile_images/1711780889825259527/bWHC4Ujc_bigger.jpg,@IntelMattersPod,Podcast featuring interviews with national security leaders | Hosted by former CIA Acting Director ,https://twitter.com/MichaelJMorell,@MichaelJMorell, and Andrew Makridis former COO of the CIA,,
USARPAC CG,https://twitter.com/USARPAC_CG,https://pbs.twimg.com/profile_images/1480635872395419651/BqijfHY-_bigger.jpg,@USARPAC_CG,"General Charles A. Flynn commands U.S. Army Pacific (USARPAC), the Army's largest Service Component Command (Following, RTs & links ≠ endorsement).",,,,,
U.S. Army Pacific,https://twitter.com/USARPAC,https://pbs.twimg.com/profile_images/1635530854138249216/yj3Z12tx_bigger.jpg,@USARPAC,"Official U.S. Army, Pacific, The Army Service Component Command (ASCC) to ",https://twitter.com/INDOPACOM,@INDOPACOM, Twitter account. (Follows/Tweets/RTs≠endorsement) ,https://twitter.com/search?q=%23FreeandOpenIndoPacific&src=hashtag_click,#FreeandOpenIndoPacific
Jim Nickel,https://twitter.com/JimSNickel,https://pbs.twimg.com/profile_images/1578658579002818561/oTaR4u-U_bigger.jpg,@JimSNickel,"Executive Director, Canadian Trade Office in Taipei",,,,,
Shachar Bar-On,https://twitter.com/shachar_baron,https://pbs.twimg.com/profile_images/1722492992/sbaron_bigger.jpg,@shachar_baron,60 Minutes Producer,,,,,
Tobias Harris,https://twitter.com/observingjapan,https://pbs.twimg.com/profile_images/774068976452194304/jWgv40Td_bigger.jpg,@observingjapan,"Deputy Director, ",https://twitter.com/gmfasia,@gmfasia," | Author of THE ICONOCLAST, biography of ",https://twitter.com/abeshinzo,@abeshinzo
Marcin Jerzewski 葉皓勤,https://twitter.com/yehaoqin,https://pbs.twimg.com/profile_images/1491760711290462209/WLLXMYzf_bigger.jpg,@yehaoqin,Taiwanophile. Head of Taiwan Office ,https://twitter.com/_europeanvalues,@_europeanvalues, 在台辦事處主任. Fellow ,https://twitter.com/nextgentaiwan,@nextgentaiwan
Олександр Мережко,https://twitter.com/ChairOlek,https://pbs.twimg.com/profile_images/1562372935154864128/yCWaMnu0_bigger.jpg,@ChairOlek," people’s deputy, chair of Foreign Affairs Committee. ",https://twitter.com/ua_parliament,@ua_parliament,#StandWithUkraine,https://twitter.com/search?q=%23StandWithUkraine&src=hashtag_click,#StandWithUkraine
Global Engagement Center,https://twitter.com/TheGEC,https://pbs.twimg.com/profile_images/1536442254826643461/zSgASBY7_bigger.jpg,@TheGEC,The official account of ,https://twitter.com/StateDept,@StateDept,’s The Global Engagement Center – Exposing & countering foreign propaganda and disinformation.  ,,
Siddhant Mishra,https://twitter.com/siddhantvm,https://pbs.twimg.com/profile_images/1496439454449364993/EJIajO2C_bigger.jpg,@siddhantvm,"Like to think things through. Exploring world. Impromptu journeys. Americano lover. Journalist, Special Correspondent. ",https://twitter.com/cnnnews18,@cnnnews18,. Instagram : siddhantvmishra,,
Richard Walker,https://twitter.com/rbsw,https://pbs.twimg.com/profile_images/1321508972000665603/A3zEzPIh_bigger.jpg,@rbsw,"Chief International Editor, DW. Based in Berlin. All the usual disclaimers. ",https://twitter.com/dwnews,@dwnews, ,,
CSOonline,https://twitter.com/CSOonline,https://pbs.twimg.com/profile_images/1679153007387131909/vgjkdbdb_bigger.jpg,@CSOonline,From ,https://twitter.com/FoundryIDG,@FoundryIDG, -- ,https://twitter.com/search?q=%23CSO&src=hashtag_click,#CSO
 Ukraine Weapons Tracker,https://twitter.com/UAWeapons,https://pbs.twimg.com/profile_images/1497287636448382978/wAo98Sgw_bigger.jpg,@UAWeapons,"Debunking & Tracking Usage/Capture of Materiel in Ukraine.  An archive as of 23rd of October 2023.

",https://t.co/6ljRDL39pF,http://masto.ai/@UAWeapons,,,
Bec Shrimpton,https://twitter.com/bec_shrimpton,https://pbs.twimg.com/profile_images/1534086787886305280/NeB68qFe_bigger.jpg,@bec_shrimpton,"Director - Defence, Strategy and National Security, ASPI. Former Defence and Foreign Policy government senior official.",,,,,
Nishan Chilkuri,https://twitter.com/nishanchilkuri,https://pbs.twimg.com/profile_images/1719837766165389312/Y80kXHAL_bigger.jpg,@nishanchilkuri,Video Journalist ,https://twitter.com/mailonline,@mailonline,. Founder ,https://twitter.com/indiathinksnews,@indiathinksnews
Senator Leo Housakos,https://twitter.com/SenatorHousakos,https://pbs.twimg.com/profile_images/1372380484500656131/O51-zO6__bigger.jpg,@SenatorHousakos,"Senator from Quebec. Former Speaker, Senate of Canada. // Sénateur du Québec. Ancien Président, Sénat du Canada",,,,,
Jamie Cummins,https://twitter.com/jc_cummins,https://pbs.twimg.com/profile_images/1417355723206381568/-pedjSnC_bigger.jpg,@jc_cummins,Supervising Producer ,https://twitter.com/abc730,@abc730,,,
Antje Schippmann,https://twitter.com/antjeschippmann,https://pbs.twimg.com/profile_images/902114763756462080/vUG_Fb4t_bigger.jpg,@antjeschippmann,Managing director @ Axel Springer Freedom Foundation / antje.schippmann@axelspringer.com / Threema: 22KMA8YR,,,,,
Katie Stallard,https://twitter.com/katiestallard,https://pbs.twimg.com/profile_images/1480917492755320835/oK6sRK3Y_bigger.jpg,@katiestallard,"Senior Editor, China & Global Affairs, ",https://twitter.com/NewStatesman,@NewStatesman,". Author, Dancing on Bones: History & Power in China, Russia & North Korea. Global fellow ",https://twitter.com/TheWilsonCenter,@TheWilsonCenter
Santosh Ghimire,https://twitter.com/journonepali,https://pbs.twimg.com/profile_images/1724792044152045568/QHFigoo1_bigger.jpg,@journonepali,Freelance journalist. ,https://twitter.com/search?q=%23Nepal&src=hashtag_click,#Nepal,#Nepal,https://twitter.com/search?q=%23Canada&src=hashtag_click,#Canada
Haley Bull,https://twitter.com/HaleyBullNews,https://pbs.twimg.com/profile_images/1376599995143573505/DGl3GaOc_bigger.jpg,@HaleyBullNews,Journalist at Scripps News Say hello at Haley.Bull@Scripps.com,,,,,
,,,,,,,,,
Cathal Berry TD,https://twitter.com/BerryCathal,https://pbs.twimg.com/profile_images/1443703765249503239/3tUu1Poj_bigger.jpg,@BerryCathal,"Independent TD for the Kildare South Constituency. Medical doctor, former Army Ranger.",,,,,
﻿标题,标题链接,图片,css1rynq56,css1rynq561,css1qaijid_链接,css1qaijid,css1rynq562,css1rynq563
Nancy Pelosi,https://twitter.com/SpeakerPelosi,https://pbs.twimg.com/profile_images/1114294290375688193/P9mcJNGb_bigger.png,@SpeakerPelosi,"Representative for CA-11, fighting for the people of San Francisco. 52nd Speaker of the House. Wife, mother, grandmother, dark chocolate connoisseur.",,,,
Tanmanjeet Singh Dhesi MP,https://twitter.com/TanDhesi,https://pbs.twimg.com/profile_images/887468500326940673/7edE62VN_bigger.jpg,@TanDhesi, MP for ,https://twitter.com/UKLabour,@UKLabour,#Slough,". Shadow Exchequer Secretary to the Treasury. For casework/queries, please email tan.dhesi.mp@parliament.uk or call 01753 518161"
侯友宜,https://twitter.com/houyuih,https://pbs.twimg.com/profile_images/1365580715069382665/6W6VdpNf_bigger.jpg,@houyuih,"新北市長、國民黨總統候選人 
Lifetime Public Servant, Incumbent Mayor of New Taipei City, and 2024 KMT Presidential Candidate",,,,
The Washington Post,https://twitter.com/washingtonpost,https://pbs.twimg.com/profile_images/1060271522319925257/fJKwJ0r2_bigger.jpg,@washingtonpost,Democracy Dies in Darkness,,,,
Paul Graham,https://twitter.com/paulg,https://pbs.twimg.com/profile_images/1824002576/pg-railsconf_bigger.jpg,@paulg,,,,,
李大中,https://twitter.com/dajungli,https://pbs.twimg.com/profile_images/1248242334149439493/ZZZsPpD__bigger.jpg,@dajungli,,,,,
Kwei-Bo HUANG (黃奎博),https://twitter.com/KweiBo,https://pbs.twimg.com/profile_images/1273993927654166529/HPu44aNr_bigger.jpg,@KweiBo,"From Department of Diplomacy, National ChengChi University (NCCU), ",https://twitter.com/search?q=%23Taiwan&src=hashtag_click,#Taiwan,#Taiwan,", Rep. of China. Deputy Secretary-General of "
International Democracy Union,https://twitter.com/idualliance,https://pbs.twimg.com/profile_images/970626144293834752/mlr2EvPj_bigger.jpg,@idualliance,The global alliance of the centre-right | 80+ political parties | Committed to freedom and democracy | Chaired by Rt. Hon. ,https://twitter.com/stephenharper,@stephenharper,,
Fareed Zakaria,https://twitter.com/FareedZakaria,https://pbs.twimg.com/profile_images/1113110574039252992/vc0VBYEg_bigger.png,@FareedZakaria,"WaPo columnist. Host of CNN's GPS, Sundays @ 10am and 1pm ET in the US. Order my book ""Ten Lessons for a Post-Pandemic World"" ",https://t.co/YRdyeBMWuX,http://amzn.to/3rVlmmV,,
Boris Johnson,https://twitter.com/BorisJohnson,https://pbs.twimg.com/profile_images/1678440881890680832/ootyWocq_bigger.jpg,@BorisJohnson,Former Prime Minister of the United Kingdom.,,,,
Angel Hung,https://twitter.com/AngelHung6,https://pbs.twimg.com/profile_images/1413147071536713728/c_2pTqeM_bigger.jpg,@AngelHung6,Former Spokesperson of KMT (2018-2021) /Former Spokesperson of Former President Ma Ying-jeou (2021-2023),,,,
Donald Trump Jr.,https://twitter.com/DonaldJTrumpJr,https://pbs.twimg.com/profile_images/766652495858896897/LjrJJB9a_bigger.jpg,@DonaldJTrumpJr,,,,,
BBC News (World),https://twitter.com/BBCWorld,https://pbs.twimg.com/profile_images/1529107170448523264/q3VwEx38_bigger.jpg,@BBCWorld,"News, features and analysis from the World's newsroom. Breaking news, follow ",https://twitter.com/BBCBreaking,@BBCBreaking,". UK news, ",. Latest sports news 
Donald J. Trump,https://twitter.com/realDonaldTrump,https://pbs.twimg.com/profile_images/874276197357596672/kUuht00m_bigger.jpg,@realDonaldTrump,45th President of the United States of America,,,,
Hua Chunying 华春莹,https://twitter.com/SpokespersonCHN,https://pbs.twimg.com/profile_images/1227841332653150211/NkDULzuh_bigger.jpg,@SpokespersonCHN,"Assistant Minister of Foreign Affairs, 
Foreign Ministry Spokesperson, 
Director General, Information Department, MFA PRC. 
Get to know us more ",https://twitter.com/MFA_China,@MFA_China,,
Eric Trump,https://twitter.com/EricTrump,https://pbs.twimg.com/profile_images/1648453285890916355/rqqWLR8O_bigger.jpg,@EricTrump,Executive Vice President of The ,https://twitter.com/Trump,@Trump, Organization. Husband to ,. Large advocate of 
Taiwan in Vancouver,https://twitter.com/TW_Vancouver,https://pbs.twimg.com/profile_images/1727738456229744641/UiHmUsCu_bigger.jpg,@TW_Vancouver, Welcome to the official 𝕏-sphere of the Taipei Economic and Cultural Office in Vancouver ,,, 歡迎來到駐溫哥華台北經濟文化辦事處的官方𝕏粉專! ,FB: TECOVancouver
柯文哲 Ko Wen-Je,https://twitter.com/KP_Taiwan,https://pbs.twimg.com/profile_images/1385470374805065731/n7zOSq7k_bigger.jpg,@KP_Taiwan,台灣民眾黨主席 Chairman of Taiwan People's Party ,https://twitter.com/TPP_Taiwan,@TPP_Taiwan," 
相信 美好台灣 ",
Ivanka Trump,https://twitter.com/IvankaTrump,https://pbs.twimg.com/profile_images/1054179226100908032/i5ZXfFdE_bigger.jpg,@IvankaTrump,,,,,
Secretary Pompeo,https://twitter.com/SecPompeo,https://pbs.twimg.com/profile_images/1014454396522934273/w_96hmja_bigger.jpg,@SecPompeo,This account has been archived. You can follow former U.S. Secretary of State Mike Pompeo at ,https://twitter.com/mikepompeo,@mikepompeo,". For U.S. State Department updates, follow ",.
Taiwan Presidential Office Spokesperson,https://twitter.com/TaiwanPresSPOX,https://pbs.twimg.com/profile_images/1250350600090312709/pMbUFEtd_bigger.jpg,@TaiwanPresSPOX,"Spokesperson, Government of Republic of China (Taiwan)",,,,
Joe Biden,https://twitter.com/JoeBiden,https://pbs.twimg.com/profile_images/1308769664240160770/AfgzWVE7_bigger.jpg,@JoeBiden,Husband to ,https://twitter.com/DrBiden,@DrBiden,", proud father and grandfather. Ready to build back better for all Americans. Official account is ",.
Taiwan_in_NL ,https://twitter.com/Taiwan_in_NL,https://pbs.twimg.com/profile_images/1696782186739843072/bk9pza0e_bigger.jpg,@Taiwan_in_NL,Official account for Taipei Representative Office in the Netherlands that represents and promotes Taiwanese interests in the Netherlands.,,,,
,,,,,,,,
